local_body_code,district_code,district_name,source
248145,182,Siddharthnagar,PMAY-Urban List of ULB
248870,177,Saharanpur,PMAY-Urban List of ULB
248873,177,Saharanpur,PMAY-Urban List of ULB
248874,177,Saharanpur,PMAY-Urban List of ULB
248875,177,Saharanpur,PMAY-Urban List of ULB
248876,177,Saharanpur,PMAY-Urban List of ULB
248877,177,Saharanpur,PMAY-Urban List of ULB
248878,177,Saharanpur,PMAY-Urban List of ULB
248879,177,Saharanpur,PMAY-Urban List of ULB
248880,177,Saharanpur,PMAY-Urban List of ULB
248881,177,Saharanpur,PMAY-Urban List of ULB
248882,177,Saharanpur,PMAY-Urban List of ULB
248883,660,Shamli,PMAY-Urban List of ULB
248884,660,Shamli,PMAY-Urban List of ULB
248885,660,Shamli,PMAY-Urban List of ULB
248886,660,Shamli,PMAY-Urban List of ULB
248887,660,Shamli,PMAY-Urban List of ULB
248888,660,Shamli,PMAY-Urban List of ULB
248889,660,Shamli,PMAY-Urban List of ULB
248890,660,Shamli,PMAY-Urban List of ULB
248891,660,Shamli,PMAY-Urban List of ULB
248892,660,Shamli,PMAY-Urban List of ULB
248893,172,Muzaffarnagar,PMAY-Urban List of ULB
248894,172,Muzaffarnagar,PMAY-Urban List of ULB
248895,172,Muzaffarnagar,PMAY-Urban List of ULB
248896,172,Muzaffarnagar,PMAY-Urban List of ULB
248897,172,Muzaffarnagar,PMAY-Urban List of ULB
248898,172,Muzaffarnagar,PMAY-Urban List of ULB
248899,172,Muzaffarnagar,PMAY-Urban List of ULB
248901,172,Muzaffarnagar,PMAY-Urban List of ULB
248902,172,Muzaffarnagar,PMAY-Urban List of ULB
248903,172,Muzaffarnagar,PMAY-Urban List of ULB
248904,132,Bijnor,PMAY-Urban List of ULB
248905,132,Bijnor,PMAY-Urban List of ULB
248907,132,Bijnor,PMAY-Urban List of ULB
248908,132,Bijnor,PMAY-Urban List of ULB
248909,132,Bijnor,PMAY-Urban List of ULB
248910,132,Bijnor,PMAY-Urban List of ULB
248913,132,Bijnor,PMAY-Urban List of ULB
248914,132,Bijnor,PMAY-Urban List of ULB
248915,132,Bijnor,PMAY-Urban List of ULB
248916,132,Bijnor,PMAY-Urban List of ULB
248917,132,Bijnor,PMAY-Urban List of ULB
248918,132,Bijnor,PMAY-Urban List of ULB
248919,132,Bijnor,PMAY-Urban List of ULB
248920,132,Bijnor,PMAY-Urban List of ULB
248921,132,Bijnor,PMAY-Urban List of ULB
248922,132,Bijnor,PMAY-Urban List of ULB
248923,132,Bijnor,PMAY-Urban List of ULB
248924,132,Bijnor,PMAY-Urban List of ULB
248925,171,Moradabad,PMAY-Urban List of ULB
248926,171,Moradabad,PMAY-Urban List of ULB
248927,171,Moradabad,PMAY-Urban List of ULB
248928,171,Moradabad,PMAY-Urban List of ULB
248929,171,Moradabad,PMAY-Urban List of ULB
248930,171,Moradabad,PMAY-Urban List of ULB
248931,171,Moradabad,PMAY-Urban List of ULB
248933,659,Sambhal,PMAY-Urban List of ULB
248934,659,Sambhal,PMAY-Urban List of ULB
248935,659,Sambhal,PMAY-Urban List of ULB
248936,659,Sambhal,PMAY-Urban List of ULB
248937,659,Sambhal,PMAY-Urban List of ULB
248938,176,Rampur,PMAY-Urban List of ULB
248939,176,Rampur,PMAY-Urban List of ULB
248940,176,Rampur,PMAY-Urban List of ULB
248941,176,Rampur,PMAY-Urban List of ULB
248942,176,Rampur,PMAY-Urban List of ULB
248943,176,Rampur,PMAY-Urban List of ULB
248944,176,Rampur,PMAY-Urban List of ULB
248945,176,Rampur,PMAY-Urban List of ULB
248946,154,Amroha,PMAY-Urban List of ULB
248947,154,Amroha,PMAY-Urban List of ULB
248949,154,Amroha,PMAY-Urban List of ULB
248950,154,Amroha,PMAY-Urban List of ULB
248951,154,Amroha,PMAY-Urban List of ULB
248952,154,Amroha,PMAY-Urban List of ULB
248953,154,Amroha,PMAY-Urban List of ULB
248954,169,Meerut,PMAY-Urban List of ULB
248955,169,Meerut,PMAY-Urban List of ULB
248956,169,Meerut,PMAY-Urban List of ULB
248957,169,Meerut,PMAY-Urban List of ULB
248958,169,Meerut,PMAY-Urban List of ULB
248959,169,Meerut,PMAY-Urban List of ULB
248960,169,Meerut,PMAY-Urban List of ULB
248961,169,Meerut,PMAY-Urban List of ULB
248962,169,Meerut,PMAY-Urban List of ULB
248963,169,Meerut,PMAY-Urban List of ULB
248964,169,Meerut,PMAY-Urban List of ULB
248967,169,Meerut,PMAY-Urban List of ULB
248968,169,Meerut,PMAY-Urban List of ULB
248969,124,Baghpat,PMAY-Urban List of ULB
248970,124,Baghpat,PMAY-Urban List of ULB
248971,124,Baghpat,PMAY-Urban List of ULB
248972,124,Baghpat,PMAY-Urban List of ULB
248973,124,Baghpat,PMAY-Urban List of ULB
248974,124,Baghpat,PMAY-Urban List of ULB
248975,124,Baghpat,PMAY-Urban List of ULB
248977,145,Ghaziabad,PMAY-Urban List of ULB
248978,145,Ghaziabad,PMAY-Urban List of ULB
248981,145,Ghaziabad,PMAY-Urban List of ULB
248982,145,Ghaziabad,PMAY-Urban List of ULB
248983,145,Ghaziabad,PMAY-Urban List of ULB
248985,145,Ghaziabad,PMAY-Urban List of ULB
248988,145,Ghaziabad,PMAY-Urban List of ULB
248989,145,Ghaziabad,PMAY-Urban List of ULB
248990,661,Hapur,PMAY-Urban List of ULB
248991,661,Hapur,PMAY-Urban List of ULB
248992,661,Hapur,PMAY-Urban List of ULB
248993,661,Hapur,PMAY-Urban List of ULB
248996,144,Gautam Buddha Nagar,PMAY-Urban List of ULB
248997,144,Gautam Buddha Nagar,PMAY-Urban List of ULB
248998,144,Gautam Buddha Nagar,PMAY-Urban List of ULB
248999,134,Bulandshahr,PMAY-Urban List of ULB
249000,144,Gautam Buddha Nagar,PMAY-Urban List of ULB
249001,144,Gautam Buddha Nagar,PMAY-Urban List of ULB
249002,144,Gautam Buddha Nagar,PMAY-Urban List of ULB
249003,134,Bulandshahr,PMAY-Urban List of ULB
249004,134,Bulandshahr,PMAY-Urban List of ULB
249005,134,Bulandshahr,PMAY-Urban List of ULB
249006,134,Bulandshahr,PMAY-Urban List of ULB
249007,134,Bulandshahr,PMAY-Urban List of ULB
249008,134,Bulandshahr,PMAY-Urban List of ULB
249009,134,Bulandshahr,PMAY-Urban List of ULB
249010,134,Bulandshahr,PMAY-Urban List of ULB
249011,134,Bulandshahr,PMAY-Urban List of ULB
249012,134,Bulandshahr,PMAY-Urban List of ULB
249013,134,Bulandshahr,PMAY-Urban List of ULB
249014,134,Bulandshahr,PMAY-Urban List of ULB
249015,134,Bulandshahr,PMAY-Urban List of ULB
249016,134,Bulandshahr,PMAY-Urban List of ULB
249017,134,Bulandshahr,PMAY-Urban List of ULB
249018,134,Bulandshahr,PMAY-Urban List of ULB
249019,119,Aligarh,PMAY-Urban List of ULB
249020,119,Aligarh,PMAY-Urban List of ULB
249022,119,Aligarh,PMAY-Urban List of ULB
249023,119,Aligarh,PMAY-Urban List of ULB
249024,119,Aligarh,PMAY-Urban List of ULB
249025,119,Aligarh,PMAY-Urban List of ULB
249026,119,Aligarh,PMAY-Urban List of ULB
249027,119,Aligarh,PMAY-Urban List of ULB
249028,119,Aligarh,PMAY-Urban List of ULB
249029,119,Aligarh,PMAY-Urban List of ULB
249030,119,Aligarh,PMAY-Urban List of ULB
249031,119,Aligarh,PMAY-Urban List of ULB
249032,163,Hathras,PMAY-Urban List of ULB
249033,163,Hathras,PMAY-Urban List of ULB
249034,163,Hathras,PMAY-Urban List of ULB
249035,163,Hathras,PMAY-Urban List of ULB
249036,163,Hathras,PMAY-Urban List of ULB
249037,163,Hathras,PMAY-Urban List of ULB
249038,163,Hathras,PMAY-Urban List of ULB
249039,163,Hathras,PMAY-Urban List of ULB
249040,163,Hathras,PMAY-Urban List of ULB
249041,167,Mathura,PMAY-Urban List of ULB
249042,167,Mathura,PMAY-Urban List of ULB
249043,167,Mathura,PMAY-Urban List of ULB
249044,167,Mathura,PMAY-Urban List of ULB
249045,167,Mathura,PMAY-Urban List of ULB
249046,167,Mathura,PMAY-Urban List of ULB
249047,167,Mathura,PMAY-Urban List of ULB
249049,167,Mathura,PMAY-Urban List of ULB
249050,167,Mathura,PMAY-Urban List of ULB
249051,167,Mathura,PMAY-Urban List of ULB
249052,167,Mathura,PMAY-Urban List of ULB
249055,167,Mathura,PMAY-Urban List of ULB
249056,167,Mathura,PMAY-Urban List of ULB
249057,167,Mathura,PMAY-Urban List of ULB
249058,167,Mathura,PMAY-Urban List of ULB
249059,118,Agra,PMAY-Urban List of ULB
249060,118,Agra,PMAY-Urban List of ULB
249061,118,Agra,PMAY-Urban List of ULB
249062,118,Agra,PMAY-Urban List of ULB
249066,118,Agra,PMAY-Urban List of ULB
249067,118,Agra,PMAY-Urban List of ULB
249068,118,Agra,PMAY-Urban List of ULB
249069,118,Agra,PMAY-Urban List of ULB
249070,118,Agra,PMAY-Urban List of ULB
249071,118,Agra,PMAY-Urban List of ULB
249072,118,Agra,PMAY-Urban List of ULB
249073,118,Agra,PMAY-Urban List of ULB
249074,118,Agra,PMAY-Urban List of ULB
249075,143,Firozabad,PMAY-Urban List of ULB
249079,143,Firozabad,PMAY-Urban List of ULB
249080,143,Firozabad,PMAY-Urban List of ULB
249081,143,Firozabad,PMAY-Urban List of ULB
249082,143,Firozabad,PMAY-Urban List of ULB
249083,143,Firozabad,PMAY-Urban List of ULB
249084,633,Kasganj,PMAY-Urban List of ULB
249085,633,Kasganj,PMAY-Urban List of ULB
249086,633,Kasganj,PMAY-Urban List of ULB
249087,633,Kasganj,PMAY-Urban List of ULB
249088,633,Kasganj,PMAY-Urban List of ULB
249089,633,Kasganj,PMAY-Urban List of ULB
249090,633,Kasganj,PMAY-Urban List of ULB
249091,633,Kasganj,PMAY-Urban List of ULB
249092,633,Kasganj,PMAY-Urban List of ULB
249093,633,Kasganj,PMAY-Urban List of ULB
249094,138,Etah,PMAY-Urban List of ULB
249095,138,Etah,PMAY-Urban List of ULB
249096,138,Etah,PMAY-Urban List of ULB
249097,138,Etah,PMAY-Urban List of ULB
249098,138,Etah,PMAY-Urban List of ULB
249099,138,Etah,PMAY-Urban List of ULB
249100,138,Etah,PMAY-Urban List of ULB
249101,138,Etah,PMAY-Urban List of ULB
249102,138,Etah,PMAY-Urban List of ULB
249103,166,Mainpuri,PMAY-Urban List of ULB
249104,166,Mainpuri,PMAY-Urban List of ULB
249105,166,Mainpuri,PMAY-Urban List of ULB
249106,166,Mainpuri,PMAY-Urban List of ULB
249107,166,Mainpuri,PMAY-Urban List of ULB
249108,166,Mainpuri,PMAY-Urban List of ULB
249109,166,Mainpuri,PMAY-Urban List of ULB
249110,166,Mainpuri,PMAY-Urban List of ULB
249111,166,Mainpuri,PMAY-Urban List of ULB
249112,659,Sambhal,PMAY-Urban List of ULB
249114,659,Sambhal,PMAY-Urban List of ULB
249115,133,Budaun,PMAY-Urban List of ULB
249116,133,Budaun,PMAY-Urban List of ULB
249117,133,Budaun,PMAY-Urban List of ULB
249118,133,Budaun,PMAY-Urban List of ULB
249119,133,Budaun,PMAY-Urban List of ULB
249120,133,Budaun,PMAY-Urban List of ULB
249121,133,Budaun,PMAY-Urban List of ULB
249122,133,Budaun,PMAY-Urban List of ULB
249123,133,Budaun,PMAY-Urban List of ULB
249124,133,Budaun,PMAY-Urban List of ULB
249125,133,Budaun,PMAY-Urban List of ULB
249126,133,Budaun,PMAY-Urban List of ULB
249127,133,Budaun,PMAY-Urban List of ULB
249128,133,Budaun,PMAY-Urban List of ULB
249129,133,Budaun,PMAY-Urban List of ULB
249130,133,Budaun,PMAY-Urban List of ULB
249131,133,Budaun,PMAY-Urban List of ULB
249133,133,Budaun,PMAY-Urban List of ULB
249134,133,Budaun,PMAY-Urban List of ULB
249135,130,Bareilly,PMAY-Urban List of ULB
249136,130,Bareilly,PMAY-Urban List of ULB
249137,130,Bareilly,PMAY-Urban List of ULB
249138,130,Bareilly,PMAY-Urban List of ULB
249139,130,Bareilly,PMAY-Urban List of ULB
249140,130,Bareilly,PMAY-Urban List of ULB
249141,130,Bareilly,PMAY-Urban List of ULB
249142,130,Bareilly,PMAY-Urban List of ULB
249143,130,Bareilly,PMAY-Urban List of ULB
249144,130,Bareilly,PMAY-Urban List of ULB
249145,130,Bareilly,PMAY-Urban List of ULB
249146,130,Bareilly,PMAY-Urban List of ULB
249147,130,Bareilly,PMAY-Urban List of ULB
249149,130,Bareilly,PMAY-Urban List of ULB
249151,130,Bareilly,PMAY-Urban List of ULB
249152,130,Bareilly,PMAY-Urban List of ULB
249153,130,Bareilly,PMAY-Urban List of ULB
249154,130,Bareilly,PMAY-Urban List of ULB
249155,130,Bareilly,PMAY-Urban List of ULB
249156,130,Bareilly,PMAY-Urban List of ULB
249157,173,Pilibhit,PMAY-Urban List of ULB
249158,173,Pilibhit,PMAY-Urban List of ULB
249159,173,Pilibhit,PMAY-Urban List of ULB
249160,173,Pilibhit,PMAY-Urban List of ULB
249161,173,Pilibhit,PMAY-Urban List of ULB
249162,173,Pilibhit,PMAY-Urban List of ULB
249163,173,Pilibhit,PMAY-Urban List of ULB
249164,173,Pilibhit,PMAY-Urban List of ULB
249165,173,Pilibhit,PMAY-Urban List of ULB
249166,180,Shahjahanpur,PMAY-Urban List of ULB
249167,180,Shahjahanpur,PMAY-Urban List of ULB
249168,180,Shahjahanpur,PMAY-Urban List of ULB
249169,180,Shahjahanpur,PMAY-Urban List of ULB
249170,180,Shahjahanpur,PMAY-Urban List of ULB
249173,180,Shahjahanpur,PMAY-Urban List of ULB
249174,180,Shahjahanpur,PMAY-Urban List of ULB
249175,180,Shahjahanpur,PMAY-Urban List of ULB
249176,159,Kheri,PMAY-Urban List of ULB
249177,159,Kheri,PMAY-Urban List of ULB
249178,159,Kheri,PMAY-Urban List of ULB
249179,159,Kheri,PMAY-Urban List of ULB
249180,159,Kheri,PMAY-Urban List of ULB
249181,159,Kheri,PMAY-Urban List of ULB
249182,159,Kheri,PMAY-Urban List of ULB
249183,159,Kheri,PMAY-Urban List of ULB
249184,159,Kheri,PMAY-Urban List of ULB
249185,159,Kheri,PMAY-Urban List of ULB
249186,183,Sitapur,PMAY-Urban List of ULB
249187,183,Sitapur,PMAY-Urban List of ULB
249188,183,Sitapur,PMAY-Urban List of ULB
249189,183,Sitapur,PMAY-Urban List of ULB
249190,183,Sitapur,PMAY-Urban List of ULB
249191,183,Sitapur,PMAY-Urban List of ULB
249192,183,Sitapur,PMAY-Urban List of ULB
249193,183,Sitapur,PMAY-Urban List of ULB
249194,183,Sitapur,PMAY-Urban List of ULB
249195,183,Sitapur,PMAY-Urban List of ULB
249196,183,Sitapur,PMAY-Urban List of ULB
249197,150,Hardoi,PMAY-Urban List of ULB
249198,150,Hardoi,PMAY-Urban List of ULB
249199,150,Hardoi,PMAY-Urban List of ULB
249200,150,Hardoi,PMAY-Urban List of ULB
249201,150,Hardoi,PMAY-Urban List of ULB
249202,150,Hardoi,PMAY-Urban List of ULB
249203,150,Hardoi,PMAY-Urban List of ULB
249204,150,Hardoi,PMAY-Urban List of ULB
249205,150,Hardoi,PMAY-Urban List of ULB
249206,150,Hardoi,PMAY-Urban List of ULB
249207,150,Hardoi,PMAY-Urban List of ULB
249208,150,Hardoi,PMAY-Urban List of ULB
249209,150,Hardoi,PMAY-Urban List of ULB
249211,186,Unnao,PMAY-Urban List of ULB
249212,186,Unnao,PMAY-Urban List of ULB
249213,186,Unnao,PMAY-Urban List of ULB
249214,186,Unnao,PMAY-Urban List of ULB
249215,186,Unnao,PMAY-Urban List of ULB
249216,186,Unnao,PMAY-Urban List of ULB
249217,186,Unnao,PMAY-Urban List of ULB
249218,186,Unnao,PMAY-Urban List of ULB
249219,186,Unnao,PMAY-Urban List of ULB
249220,186,Unnao,PMAY-Urban List of ULB
249221,186,Unnao,PMAY-Urban List of ULB
249222,186,Unnao,PMAY-Urban List of ULB
249223,186,Unnao,PMAY-Urban List of ULB
249226,186,Unnao,PMAY-Urban List of ULB
249227,186,Unnao,PMAY-Urban List of ULB
249228,186,Unnao,PMAY-Urban List of ULB
249229,186,Unnao,PMAY-Urban List of ULB
249230,162,Lucknow,PMAY-Urban List of ULB
249231,162,Lucknow,PMAY-Urban List of ULB
249232,162,Lucknow,PMAY-Urban List of ULB
249233,162,Lucknow,PMAY-Urban List of ULB
249234,162,Lucknow,PMAY-Urban List of ULB
249235,162,Lucknow,PMAY-Urban List of ULB
249236,162,Lucknow,PMAY-Urban List of ULB
249237,162,Lucknow,PMAY-Urban List of ULB
249238,175,Rae Bareli,PMAY-Urban List of ULB
249239,175,Rae Bareli,PMAY-Urban List of ULB
249240,640,Amethi,PMAY-Urban List of ULB
249241,175,Rae Bareli,PMAY-Urban List of ULB
249242,174,Pratapgarh,PMAY-Urban List of ULB
249243,175,Rae Bareli,PMAY-Urban List of ULB
249244,175,Rae Bareli,PMAY-Urban List of ULB
249245,175,Rae Bareli,PMAY-Urban List of ULB
249246,175,Rae Bareli,PMAY-Urban List of ULB
249247,141,Farrukhabad,PMAY-Urban List of ULB
249248,141,Farrukhabad,PMAY-Urban List of ULB
249250,141,Farrukhabad,PMAY-Urban List of ULB
249251,141,Farrukhabad,PMAY-Urban List of ULB
249252,141,Farrukhabad,PMAY-Urban List of ULB
249253,155,Kannauj,PMAY-Urban List of ULB
249254,155,Kannauj,PMAY-Urban List of ULB
249255,155,Kannauj,PMAY-Urban List of ULB
249256,155,Kannauj,PMAY-Urban List of ULB
249257,155,Kannauj,PMAY-Urban List of ULB
249258,155,Kannauj,PMAY-Urban List of ULB
249259,155,Kannauj,PMAY-Urban List of ULB
249260,155,Kannauj,PMAY-Urban List of ULB
249261,139,Etawah,PMAY-Urban List of ULB
249262,139,Etawah,PMAY-Urban List of ULB
249263,139,Etawah,PMAY-Urban List of ULB
249264,139,Etawah,PMAY-Urban List of ULB
249265,139,Etawah,PMAY-Urban List of ULB
249266,139,Etawah,PMAY-Urban List of ULB
249267,122,Auraiya,PMAY-Urban List of ULB
249268,122,Auraiya,PMAY-Urban List of ULB
249269,122,Auraiya,PMAY-Urban List of ULB
249270,122,Auraiya,PMAY-Urban List of ULB
249271,122,Auraiya,PMAY-Urban List of ULB
249272,122,Auraiya,PMAY-Urban List of ULB
249273,122,Auraiya,PMAY-Urban List of ULB
249275,156,Kanpur Dehat,PMAY-Urban List of ULB
249276,156,Kanpur Dehat,PMAY-Urban List of ULB
249277,156,Kanpur Dehat,PMAY-Urban List of ULB
249279,156,Kanpur Dehat,PMAY-Urban List of ULB
249282,157,Kanpur Nagar,PMAY-Urban List of ULB
249283,157,Kanpur Nagar,PMAY-Urban List of ULB
249285,157,Kanpur Nagar,PMAY-Urban List of ULB
249286,157,Kanpur Nagar,PMAY-Urban List of ULB
249290,157,Kanpur Nagar,PMAY-Urban List of ULB
249291,151,Jalaun,PMAY-Urban List of ULB
249292,151,Jalaun,PMAY-Urban List of ULB
249293,151,Jalaun,PMAY-Urban List of ULB
249294,151,Jalaun,PMAY-Urban List of ULB
249295,151,Jalaun,PMAY-Urban List of ULB
249296,151,Jalaun,PMAY-Urban List of ULB
249297,151,Jalaun,PMAY-Urban List of ULB
249298,151,Jalaun,PMAY-Urban List of ULB
249299,151,Jalaun,PMAY-Urban List of ULB
249300,151,Jalaun,PMAY-Urban List of ULB
249301,153,Jhansi,PMAY-Urban List of ULB
249302,153,Jhansi,PMAY-Urban List of ULB
249303,153,Jhansi,PMAY-Urban List of ULB
249304,153,Jhansi,PMAY-Urban List of ULB
249305,153,Jhansi,PMAY-Urban List of ULB
249306,153,Jhansi,PMAY-Urban List of ULB
249307,153,Jhansi,PMAY-Urban List of ULB
249308,153,Jhansi,PMAY-Urban List of ULB
249309,153,Jhansi,PMAY-Urban List of ULB
249310,153,Jhansi,PMAY-Urban List of ULB
249311,153,Jhansi,PMAY-Urban List of ULB
249313,153,Jhansi,PMAY-Urban List of ULB
249314,153,Jhansi,PMAY-Urban List of ULB
249317,161,Lalitpur,PMAY-Urban List of ULB
249318,161,Lalitpur,PMAY-Urban List of ULB
249319,161,Lalitpur,PMAY-Urban List of ULB
249320,161,Lalitpur,PMAY-Urban List of ULB
249321,149,Hamirpur,PMAY-Urban List of ULB
249322,149,Hamirpur,PMAY-Urban List of ULB
249323,149,Hamirpur,PMAY-Urban List of ULB
249324,149,Hamirpur,PMAY-Urban List of ULB
249325,149,Hamirpur,PMAY-Urban List of ULB
249326,149,Hamirpur,PMAY-Urban List of ULB
249327,149,Hamirpur,PMAY-Urban List of ULB
249328,165,Mahoba,PMAY-Urban List of ULB
249329,165,Mahoba,PMAY-Urban List of ULB
249330,165,Mahoba,PMAY-Urban List of ULB
249331,165,Mahoba,PMAY-Urban List of ULB
249332,165,Mahoba,PMAY-Urban List of ULB
249333,128,Banda,PMAY-Urban List of ULB
249334,128,Banda,PMAY-Urban List of ULB
249335,128,Banda,PMAY-Urban List of ULB
249336,128,Banda,PMAY-Urban List of ULB
249337,128,Banda,PMAY-Urban List of ULB
249338,128,Banda,PMAY-Urban List of ULB
249339,128,Banda,PMAY-Urban List of ULB
249340,128,Banda,PMAY-Urban List of ULB
249341,136,Chitrakoot,PMAY-Urban List of ULB
249342,136,Chitrakoot,PMAY-Urban List of ULB
249343,136,Chitrakoot,PMAY-Urban List of ULB
249344,142,Fatehpur,PMAY-Urban List of ULB
249345,142,Fatehpur,PMAY-Urban List of ULB
249346,142,Fatehpur,PMAY-Urban List of ULB
249347,142,Fatehpur,PMAY-Urban List of ULB
249348,142,Fatehpur,PMAY-Urban List of ULB
249349,142,Fatehpur,PMAY-Urban List of ULB
249350,174,Pratapgarh,PMAY-Urban List of ULB
249351,174,Pratapgarh,PMAY-Urban List of ULB
249352,174,Pratapgarh,PMAY-Urban List of ULB
249353,174,Pratapgarh,PMAY-Urban List of ULB
249354,174,Pratapgarh,PMAY-Urban List of ULB
249355,174,Pratapgarh,PMAY-Urban List of ULB
249356,174,Pratapgarh,PMAY-Urban List of ULB
249357,158,Kaushambi,PMAY-Urban List of ULB
249358,158,Kaushambi,PMAY-Urban List of ULB
249359,158,Kaushambi,PMAY-Urban List of ULB
249360,158,Kaushambi,PMAY-Urban List of ULB
249361,158,Kaushambi,PMAY-Urban List of ULB
249362,158,Kaushambi,PMAY-Urban List of ULB
249363,158,Kaushambi,PMAY-Urban List of ULB
249364,120,Prayagraj,PMAY-Urban List of ULB
249365,120,Prayagraj,PMAY-Urban List of ULB
249368,120,Prayagraj,PMAY-Urban List of ULB
249369,120,Prayagraj,PMAY-Urban List of ULB
249370,120,Prayagraj,PMAY-Urban List of ULB
249372,120,Prayagraj,PMAY-Urban List of ULB
249373,120,Prayagraj,PMAY-Urban List of ULB
249374,120,Prayagraj,PMAY-Urban List of ULB
249375,120,Prayagraj,PMAY-Urban List of ULB
249376,129,Bara Banki,PMAY-Urban List of ULB
249377,129,Bara Banki,PMAY-Urban List of ULB
249378,129,Bara Banki,PMAY-Urban List of ULB
249380,129,Bara Banki,PMAY-Urban List of ULB
249381,129,Bara Banki,PMAY-Urban List of ULB
249382,129,Bara Banki,PMAY-Urban List of ULB
249384,129,Bara Banki,PMAY-Urban List of ULB
249385,129,Bara Banki,PMAY-Urban List of ULB
249386,129,Bara Banki,PMAY-Urban List of ULB
249387,129,Bara Banki,PMAY-Urban List of ULB
249388,140,Ayodhya,PMAY-Urban List of ULB
249389,140,Ayodhya,PMAY-Urban List of ULB
249391,140,Ayodhya,PMAY-Urban List of ULB
249392,140,Ayodhya,PMAY-Urban List of ULB
249393,140,Ayodhya,PMAY-Urban List of ULB
249394,121,Ambedkar Nagar,PMAY-Urban List of ULB
249396,121,Ambedkar Nagar,PMAY-Urban List of ULB
249398,121,Ambedkar Nagar,PMAY-Urban List of ULB
249399,121,Ambedkar Nagar,PMAY-Urban List of ULB
249400,121,Ambedkar Nagar,PMAY-Urban List of ULB
249401,640,Amethi,PMAY-Urban List of ULB
249402,640,Amethi,PMAY-Urban List of ULB
249404,185,Sultanpur,PMAY-Urban List of ULB
249405,185,Sultanpur,PMAY-Urban List of ULB
249406,185,Sultanpur,PMAY-Urban List of ULB
249407,185,Sultanpur,PMAY-Urban List of ULB
249408,125,Bahraich,PMAY-Urban List of ULB
249409,125,Bahraich,PMAY-Urban List of ULB
249410,125,Bahraich,PMAY-Urban List of ULB
249411,125,Bahraich,PMAY-Urban List of ULB
249412,181,Shrawasti,PMAY-Urban List of ULB
249413,181,Shrawasti,PMAY-Urban List of ULB
249414,127,Balrampur,PMAY-Urban List of ULB
249415,127,Balrampur,PMAY-Urban List of ULB
249416,127,Balrampur,PMAY-Urban List of ULB
249417,127,Balrampur,PMAY-Urban List of ULB
249418,147,Gonda,PMAY-Urban List of ULB
249419,147,Gonda,PMAY-Urban List of ULB
249420,147,Gonda,PMAY-Urban List of ULB
249421,147,Gonda,PMAY-Urban List of ULB
249422,147,Gonda,PMAY-Urban List of ULB
249423,147,Gonda,PMAY-Urban List of ULB
249426,182,Siddharthnagar,PMAY-Urban List of ULB
249427,182,Siddharthnagar,PMAY-Urban List of ULB
249428,182,Siddharthnagar,PMAY-Urban List of ULB
249429,131,Basti,PMAY-Urban List of ULB
249430,131,Basti,PMAY-Urban List of ULB
249431,178,Sant Kabir Nagar,PMAY-Urban List of ULB
249433,178,Sant Kabir Nagar,PMAY-Urban List of ULB
249434,178,Sant Kabir Nagar,PMAY-Urban List of ULB
249435,178,Sant Kabir Nagar,PMAY-Urban List of ULB
249436,164,Mahrajganj,PMAY-Urban List of ULB
249437,164,Mahrajganj,PMAY-Urban List of ULB
249438,164,Mahrajganj,PMAY-Urban List of ULB
249439,164,Mahrajganj,PMAY-Urban List of ULB
249440,164,Mahrajganj,PMAY-Urban List of ULB
249441,164,Mahrajganj,PMAY-Urban List of ULB
249442,148,Gorakhpur,PMAY-Urban List of ULB
249443,148,Gorakhpur,PMAY-Urban List of ULB
249444,148,Gorakhpur,PMAY-Urban List of ULB
249446,148,Gorakhpur,PMAY-Urban List of ULB
249447,148,Gorakhpur,PMAY-Urban List of ULB
249448,148,Gorakhpur,PMAY-Urban List of ULB
249449,148,Gorakhpur,PMAY-Urban List of ULB
249450,148,Gorakhpur,PMAY-Urban List of ULB
249451,160,Kushinagar,PMAY-Urban List of ULB
249452,160,Kushinagar,PMAY-Urban List of ULB
249453,160,Kushinagar,PMAY-Urban List of ULB
249454,160,Kushinagar,PMAY-Urban List of ULB
249457,160,Kushinagar,PMAY-Urban List of ULB
249458,137,Deoria,PMAY-Urban List of ULB
249459,137,Deoria,PMAY-Urban List of ULB
249460,137,Deoria,PMAY-Urban List of ULB
249461,137,Deoria,PMAY-Urban List of ULB
249462,137,Deoria,PMAY-Urban List of ULB
249463,137,Deoria,PMAY-Urban List of ULB
249464,137,Deoria,PMAY-Urban List of ULB
249465,137,Deoria,PMAY-Urban List of ULB
249466,137,Deoria,PMAY-Urban List of ULB
249467,137,Deoria,PMAY-Urban List of ULB
249468,123,Azamgarh,PMAY-Urban List of ULB
249469,123,Azamgarh,PMAY-Urban List of ULB
249470,123,Azamgarh,PMAY-Urban List of ULB
249471,123,Azamgarh,PMAY-Urban List of ULB
249472,123,Azamgarh,PMAY-Urban List of ULB
249474,123,Azamgarh,PMAY-Urban List of ULB
249477,123,Azamgarh,PMAY-Urban List of ULB
249478,123,Azamgarh,PMAY-Urban List of ULB
249479,123,Azamgarh,PMAY-Urban List of ULB
249480,123,Azamgarh,PMAY-Urban List of ULB
249481,123,Azamgarh,PMAY-Urban List of ULB
249482,123,Azamgarh,PMAY-Urban List of ULB
249483,168,Mau,PMAY-Urban List of ULB
249484,168,Mau,PMAY-Urban List of ULB
249485,168,Mau,PMAY-Urban List of ULB
249486,168,Mau,PMAY-Urban List of ULB
249487,168,Mau,PMAY-Urban List of ULB
249488,168,Mau,PMAY-Urban List of ULB
249490,168,Mau,PMAY-Urban List of ULB
249492,126,Ballia,PMAY-Urban List of ULB
249493,126,Ballia,PMAY-Urban List of ULB
249494,126,Ballia,PMAY-Urban List of ULB
249495,126,Ballia,PMAY-Urban List of ULB
249496,126,Ballia,PMAY-Urban List of ULB
249497,126,Ballia,PMAY-Urban List of ULB
249498,126,Ballia,PMAY-Urban List of ULB
249499,126,Ballia,PMAY-Urban List of ULB
249500,126,Ballia,PMAY-Urban List of ULB
249501,152,Jaunpur,PMAY-Urban List of ULB
249502,152,Jaunpur,PMAY-Urban List of ULB
249503,152,Jaunpur,PMAY-Urban List of ULB
249504,152,Jaunpur,PMAY-Urban List of ULB
249505,152,Jaunpur,PMAY-Urban List of ULB
249507,152,Jaunpur,PMAY-Urban List of ULB
249508,152,Jaunpur,PMAY-Urban List of ULB
249509,146,Ghazipur,PMAY-Urban List of ULB
249510,146,Ghazipur,PMAY-Urban List of ULB
249511,146,Ghazipur,PMAY-Urban List of ULB
249512,146,Ghazipur,PMAY-Urban List of ULB
249513,146,Ghazipur,PMAY-Urban List of ULB
249514,146,Ghazipur,PMAY-Urban List of ULB
249515,146,Ghazipur,PMAY-Urban List of ULB
249516,146,Ghazipur,PMAY-Urban List of ULB
249518,135,Chandauli,PMAY-Urban List of ULB
249520,135,Chandauli,PMAY-Urban List of ULB
249521,135,Chandauli,PMAY-Urban List of ULB
249522,135,Chandauli,PMAY-Urban List of ULB
249524,187,Varanasi,PMAY-Urban List of ULB
249531,187,Varanasi,PMAY-Urban List of ULB
249533,179,Bhadohi,PMAY-Urban List of ULB
249534,179,Bhadohi,PMAY-Urban List of ULB
249535,179,Bhadohi,PMAY-Urban List of ULB
249536,179,Bhadohi,PMAY-Urban List of ULB
249537,179,Bhadohi,PMAY-Urban List of ULB
249538,179,Bhadohi,PMAY-Urban List of ULB
249539,179,Bhadohi,PMAY-Urban List of ULB
249540,170,Mirzapur,PMAY-Urban List of ULB
249542,170,Mirzapur,PMAY-Urban List of ULB
249543,170,Mirzapur,PMAY-Urban List of ULB
249545,170,Mirzapur,PMAY-Urban List of ULB
249546,184,Sonbhadra,PMAY-Urban List of ULB
249547,184,Sonbhadra,PMAY-Urban List of ULB
249548,184,Sonbhadra,PMAY-Urban List of ULB
249549,184,Sonbhadra,PMAY-Urban List of ULB
249550,184,Sonbhadra,PMAY-Urban List of ULB
249551,184,Sonbhadra,PMAY-Urban List of ULB
249552,184,Sonbhadra,PMAY-Urban List of ULB
249553,184,Sonbhadra,PMAY-Urban List of ULB
253113,142,Fatehpur,PMAY-Urban List of ULB
253131,129,Bara Banki,PMAY-Urban List of ULB
257826,182,Siddharthnagar,PMAY-Urban List of ULB
263348,156,Kanpur Dehat,PMAY-Urban List of ULB
263350,659,Sambhal,PMAY-Urban List of ULB
263351,162,Lucknow,PMAY-Urban List of ULB
263352,156,Kanpur Dehat,PMAY-Urban List of ULB
263353,156,Kanpur Dehat,PMAY-Urban List of ULB
263354,156,Kanpur Dehat,PMAY-Urban List of ULB
263355,156,Kanpur Dehat,PMAY-Urban List of ULB
263356,123,Azamgarh,PMAY-Urban List of ULB
263358,152,Jaunpur,PMAY-Urban List of ULB
263359,131,Basti,PMAY-Urban List of ULB
270654,168,Mau,PMAY-Urban List of ULB
274820,145,Ghaziabad,PMAY-Urban List of ULB
274822,144,Gautam Buddha Nagar,PMAY-Urban List of ULB
274823,144,Gautam Buddha Nagar,PMAY-Urban List of ULB
276425,640,Amethi,PMAY-Urban List of ULB
277139,164,Mahrajganj,PMAY-Urban List of ULB
277185,126,Ballia,PMAY-Urban List of ULB
277186,129,Bara Banki,PMAY-Urban List of ULB
277188,143,Firozabad,PMAY-Urban List of ULB
277189,168,Mau,PMAY-Urban List of ULB
277192,174,Pratapgarh,PMAY-Urban List of ULB
277255,118,Agra,PMAY-Urban List of ULB
277256,120,Prayagraj,PMAY-Urban List of ULB
277258,130,Bareilly,PMAY-Urban List of ULB
277263,140,Ayodhya,PMAY-Urban List of ULB
277264,157,Kanpur Nagar,PMAY-Urban List of ULB
277266,141,Farrukhabad,PMAY-Urban List of ULB
277269,162,Lucknow,PMAY-Urban List of ULB
277270,167,Mathura,PMAY-Urban List of ULB
277271,169,Meerut,PMAY-Urban List of ULB
277277,180,Shahjahanpur,PMAY-Urban List of ULB
277278,187,Varanasi,PMAY-Urban List of ULB
277288,153,Jhansi,PMAY-Urban List of ULB
277293,153,Jhansi,PMAY-Urban List of ULB
277531,175,Rae Bareli,PMAY-Urban List of ULB
281989,137,Deoria,PMAY-Urban List of ULB
289237,131,Basti,PMAY-Urban List of ULB
290250,171,Moradabad,PMAY-Urban List of ULB
290251,171,Moradabad,PMAY-Urban List of ULB
296986,177,Saharanpur,PMAY-Urban List of ULB
297020,160,Kushinagar,PMAY-Urban List of ULB
297022,186,Unnao,PMAY-Urban List of ULB
297023,124,Baghpat,PMAY-Urban List of ULB
297024,160,Kushinagar,PMAY-Urban List of ULB
297025,181,Shrawasti,PMAY-Urban List of ULB
297026,133,Budaun,PMAY-Urban List of ULB
297027,154,Amroha,PMAY-Urban List of ULB
297029,148,Gorakhpur,PMAY-Urban List of ULB
297031,131,Basti,PMAY-Urban List of ULB
297032,141,Farrukhabad,PMAY-Urban List of ULB
297033,119,Aligarh,PMAY-Urban List of ULB
297034,152,Jaunpur,PMAY-Urban List of ULB
297036,160,Kushinagar,PMAY-Urban List of ULB
297037,156,Kanpur Dehat,PMAY-Urban List of ULB
297038,185,Sultanpur,PMAY-Urban List of ULB
297039,162,Lucknow,PMAY-Urban List of ULB
297040,164,Mahrajganj,PMAY-Urban List of ULB
297041,164,Mahrajganj,PMAY-Urban List of ULB
297042,174,Pratapgarh,PMAY-Urban List of ULB
297044,184,Sonbhadra,PMAY-Urban List of ULB
297045,119,Aligarh,PMAY-Urban List of ULB
297046,173,Pilibhit,verified special mapping
297047,176,Rampur,PMAY-Urban List of ULB
297048,162,Lucknow,PMAY-Urban List of ULB
297049,180,Shahjahanpur,PMAY-Urban List of ULB
297050,182,Siddharthnagar,PMAY-Urban List of ULB
297051,182,Siddharthnagar,PMAY-Urban List of ULB
297053,178,Sant Kabir Nagar,PMAY-Urban List of ULB
297054,174,Pratapgarh,PMAY-Urban List of ULB
297055,151,Jalaun,PMAY-Urban List of ULB
297056,182,Siddharthnagar,PMAY-Urban List of ULB
297057,180,Shahjahanpur,PMAY-Urban List of ULB
297058,166,Mainpuri,PMAY-Urban List of ULB
297059,178,Sant Kabir Nagar,PMAY-Urban List of ULB
297060,131,Basti,PMAY-Urban List of ULB
297061,182,Siddharthnagar,PMAY-Urban List of ULB
297062,164,Mahrajganj,PMAY-Urban List of ULB
297063,133,Budaun,PMAY-Urban List of ULB
297064,158,Kaushambi,PMAY-Urban List of ULB
297065,160,Kushinagar,PMAY-Urban List of ULB
297066,131,Basti,PMAY-Urban List of ULB
297067,182,Siddharthnagar,PMAY-Urban List of ULB
297068,152,Jaunpur,PMAY-Urban List of ULB
297070,125,Bahraich,PMAY-Urban List of ULB
297071,171,Moradabad,PMAY-Urban List of ULB
297073,131,Basti,PMAY-Urban List of ULB
297075,123,Azamgarh,PMAY-Urban List of ULB
297076,119,Aligarh,PMAY-Urban List of ULB
297077,160,Kushinagar,PMAY-Urban List of ULB
297078,160,Kushinagar,PMAY-Urban List of ULB
297079,169,Meerut,PMAY-Urban List of ULB
297081,143,Firozabad,PMAY-Urban List of ULB
297083,126,Ballia,PMAY-Urban List of ULB
297084,175,Rae Bareli,PMAY-Urban List of ULB
297085,159,Kheri,PMAY-Urban List of ULB
297086,158,Kaushambi,PMAY-Urban List of ULB
297087,174,Pratapgarh,PMAY-Urban List of ULB
297088,152,Jaunpur,PMAY-Urban List of ULB
297089,156,Kanpur Dehat,PMAY-Urban List of ULB
297090,176,Rampur,PMAY-Urban List of ULB
297091,152,Jaunpur,PMAY-Urban List of ULB
297495,148,Gorakhpur,PMAY-Urban List of ULB
297623,142,Fatehpur,PMAY-Urban List of ULB
297651,156,Kanpur Dehat,PMAY-Urban List of ULB
297714,154,Amroha,PMAY-Urban List of ULB
297735,141,Farrukhabad,PMAY-Urban List of ULB
297756,140,Ayodhya,PMAY-Urban List of ULB
297758,140,Ayodhya,PMAY-Urban List of ULB
297802,180,Shahjahanpur,PMAY-Urban List of ULB
297807,180,Shahjahanpur,PMAY-Urban List of ULB
297820,124,Baghpat,PMAY-Urban List of ULB
297861,126,Ballia,PMAY-Urban List of ULB
297864,156,Kanpur Dehat,PMAY-Urban List of ULB
297922,186,Unnao,PMAY-Urban List of ULB
298093,131,Basti,PMAY-Urban List of ULB
298095,131,Basti,PMAY-Urban List of ULB
298096,131,Basti,PMAY-Urban List of ULB
298115,119,Aligarh,PMAY-Urban List of ULB
298915,164,Mahrajganj,PMAY-Urban List of ULB
298935,121,Ambedkar Nagar,PMAY-Urban List of ULB
299009,158,Kaushambi,PMAY-Urban List of ULB
299010,136,Chitrakoot,PMAY-Urban List of ULB
299012,174,Pratapgarh,PMAY-Urban List of ULB
299013,174,Pratapgarh,PMAY-Urban List of ULB
299017,125,Bahraich,PMAY-Urban List of ULB
299018,119,Aligarh,PMAY-Urban List of ULB
299023,119,Aligarh,PMAY-Urban List of ULB
299027,171,Moradabad,PMAY-Urban List of ULB
299053,184,Sonbhadra,PMAY-Urban List of ULB
299069,176,Rampur,PMAY-Urban List of ULB
299071,168,Mau,PMAY-Urban List of ULB
299081,129,Bara Banki,PMAY-Urban List of ULB
300509,121,Ambedkar Nagar,PMAY-Urban List of ULB
300510,123,Azamgarh,PMAY-Urban List of ULB
300511,125,Bahraich,PMAY-Urban List of ULB
300512,127,Balrampur,PMAY-Urban List of ULB
300532,178,Sant Kabir Nagar,PMAY-Urban List of ULB
300651,141,Farrukhabad,PMAY-Urban List of ULB
300652,141,Farrukhabad,PMAY-Urban List of ULB
300693,174,Pratapgarh,PMAY-Urban List of ULB
300705,160,Kushinagar,PMAY-Urban List of ULB
300707,174,Pratapgarh,PMAY-Urban List of ULB
300713,138,Etah,PMAY-Urban List of ULB
300719,159,Kheri,PMAY-Urban List of ULB
300721,148,Gorakhpur,PMAY-Urban List of ULB
300729,137,Deoria,PMAY-Urban List of ULB
300739,175,Rae Bareli,verified special mapping
300750,148,Gorakhpur,PMAY-Urban List of ULB
300768,137,Deoria,PMAY-Urban List of ULB
300772,174,Pratapgarh,PMAY-Urban List of ULB
300774,174,Pratapgarh,PMAY-Urban List of ULB
300776,174,Pratapgarh,PMAY-Urban List of ULB
300779,137,Deoria,PMAY-Urban List of ULB
300782,137,Deoria,PMAY-Urban List of ULB
300789,137,Deoria,PMAY-Urban List of ULB
300807,137,Deoria,PMAY-Urban List of ULB
300833,142,Fatehpur,PMAY-Urban List of ULB
300839,142,Fatehpur,PMAY-Urban List of ULB
300865,140,Ayodhya,PMAY-Urban List of ULB
300930,125,Bahraich,PMAY-Urban List of ULB
301012,147,Gonda,PMAY-Urban List of ULB
301014,147,Gonda,PMAY-Urban List of ULB
301016,147,Gonda,PMAY-Urban List of ULB
301210,144,Gautam Buddha Nagar,PMAY-Urban List of ULB
301241,153,Jhansi,PMAY-Urban List of ULB
301242,187,Varanasi,PMAY-Urban List of ULB
301243,135,Chandauli,PMAY-Urban List of ULB
301244,184,Sonbhadra,PMAY-Urban List of ULB
301245,147,Gonda,PMAY-Urban List of ULB
301249,184,Sonbhadra,PMAY-Urban List of ULB
301253,123,Azamgarh,PMAY-Urban List of ULB
301254,168,Mau,PMAY-Urban List of ULB
301349,169,Meerut,PMAY-Urban List of ULB
301363,178,Sant Kabir Nagar,PMAY-Urban List of ULB
301364,169,Meerut,PMAY-Urban List of ULB
301389,129,Bara Banki,PMAY-Urban List of ULB
301390,182,Siddharthnagar,PMAY-Urban List of ULB
