tehsil_code,tehsil_name,district_code
766,Agra,118
770,Bah,118
765,Etmadpur,118
769,Fatehabad,118
768,Kheragarh,118
767,Kiraoli,118
754,Atrauli,119
753,Gabhana,119
756,Iglas,119
752,Khair,119
755,Koil,119
890,Allahabad,120
891,Bara,120
893,Handia,120
892,Karchhana,120
895,Koraon,120
894,Meja,120
889,Phulpur,120
888,Soraon,120
910,Akbarpur,121
908,Allapur,121
911,Bhiti,121
909,Jalalpur,121
907,Tanda,121
6877,Ajitmal,122
842,Auraiya,122
841,Bidhuna,122
966,Azamgarh,123
964,Burhanpur,123
969,Lalganj,123
6165,Martinganjon,123
970,Mehnagar,123
967,Nizamabad,123
968,Phulpur,123
965,Sagri,123
736,Baghpat,124
735,Baraut,124
737,Khekada,124
921,Bahraich,125
922,Kaiserganj,125
920,Mahasi,125
6862,Mihinpurwa Motipur,125
919,Nanpara,125
6861,Payagpur,125
980,Bairia,126
978,Ballia,126
979,Bansdih,126
975,Belthara Road,126
977,Rasra,126
976,Sikanderpur,126
925,Balrampur,127
926,Tulsipur,127
927,Utraula,127
873,Atarra,128
872,Baberu,128
871,Banda,128
874,Naraini,128
6157,Pailani,128
896,Fatehpur,129
901,Haidergarh,129
898,Nawabganj,129
897,Ramnagar,129
900,Ramsanehighat,129
899,Sirauli Gauspur,129
786,Aonla,130
784,Baheri,130
787,Bareilly,130
789,Faridpur,130
785,Meerganj,130
788,Nawabganj,130
939,Basti,131
937,Bhanpur,131
938,Harraiya,131
940,Rudhauli,131
713,Bijnor,132
716,Chandpur,132
715,Dhampur,132
714,Nagina,132
712,Najibabad,132
780,Bilsi,133
779,Bisauli,133
782,Budaun,133
783,Dataganj,133
781,Sahaswan,133
748,Anupshahr,134
746,Bulandshahr,134
749,Debai,134
751,Khurja,134
750,Shikarpur,134
747,Siana,134
745,Sikandrabad,134
994,Chakia,135
993,Chandauli,135
6870,Naugarh,135
6869,Pandit Deendayal Upadhyay Nagar,135
992,Sakaldiha,135
875,Karwi,136
5930,Manikpur,136
876,Mau,136
6156,Rajapur,136
961,Barhaj,137
963,Bhatpar Rani,137
959,Deoria,137
960,Rudrapur,137
962,Salempur,137
1007,Aliganj,138
1008,Etah,138
1009,Jalesar,138
839,Bharthana,139
840,Chakarnagar,139
838,Etawah,139
836,Jaswantnagar,139
837,Saifai,139
6158,Takha,139
906,Bikapur,140
905,Faizabad,140
903,Milkipur,140
902,Rudauli,140
904,Sohawal,140
831,Amritpur,141
832,Farrukhabad,141
830,Kaimganj,141
877,Bindki,142
878,Fatehpur,142
879,Khaga,142
772,Firozabad,143
773,Jasrana,143
774,Shikohabad,143
6161,Sirsaganj,143
771,Tundla,143
742,Dadri,144
743,Gautam Buddha Nagar,144
744,Jewar,144
739,Ghaziabad,145
6089,Loni,145
738,Modinagar,145
989,Ghazipur,146
987,Jakhania,146
6834,Kasimabad,146
990,Mohammadabad,146
988,Saidpur,146
6835,Sewarai,146
991,Zamania,146
929,Colonelganj,147
928,Gonda,147
931,Mankapur,147
930,Tarabganj,147
952,Bansgaon,148
948,Campierganj,148
951,Chauri Chaura,148
954,Gola,148
950,Gorakhpur,148
953,Khajni,148
949,Sahjanwa,148
864,Hamirpur,149
867,Maudaha,149
865,Rath,149
866,Sarila,149
812,Bilgram,150
811,Hardoi,150
813,Sandila,150
810,Sawayajpur,150
809,Shahabad,150
852,Jalaun,151
853,Kalpi,151
855,Konch,151
851,Madhogarh,151
854,Orai,151
982,Badlapur,152
984,Jaunpur,152
986,Kerakat,152
983,Machhlishahr,152
985,Mariahu,152
981,Shahganj,152
857,Garautha,153
860,Jhansi,153
859,Mauranipur,153
856,Moth,153
858,Tahrauli,153
730,Amroha,154
729,Dhanaura,154
731,Hasanpur,154
6831,Naugawan Sadat,154
833,Chhibramau,155
834,Kannauj,155
835,Tirwa,155
845,Akbarpur,156
846,Bhognipur,156
844,Derapur,156
6871,Maitha,156
843,Rasulabad,156
847,Sikandra,156
848,Bilhaur,157
850,Ghatampur,157
849,Kanpur,157
6163,Narwal,157
887,Chail,158
886,Manjhanpur,158
885,Sirathu,158
802,Dhaurahara,159
799,Gola Gokaran Nath,159
801,Lakhimpur,159
6875,Mitauli,159
800,Mohammdi,159
797,Nighasan,159
798,Palia,159
956,Hata,160
6879,Kaptanganj,160
957,Kasya,160
6878,Khadda,160
955,Padrauna,160
958,Tamkuhi Raj,160
862,Lalitpur,161
863,Mahroni,161
6369,Mdawara,161
6881,Pali,161
861,Talbehat,161
820,Bakshi Ka Talab,162
819,Malihabad,162
822,Mohanlalganj,162
821,Sadar,162
6094,Sarojani Nagar,162
759,Hathras,163
760,Sadabad,163
757,Sasni,163
758,Sikandra Rao,163
947,Maharajganj,164
944,Nautanwa,164
945,Nichlaul,164
946,Pharenda,164
869,Charkhari,165
868,Kulpahar,165
870,Mahoba,165
777,Bhogaon,166
6873,Ghiror,166
776,Karhal,166
6872,Kishni,166
6874,Kurawali,166
775,Mainpuri,166
761,Chhata,167
6832,Govardhan,167
763,Mahavan,167
762,Mat,167
764,Mathura,167
971,Ghosi,168
972,Madhuban,168
973,Maunath Bhanjan,168
974,Muhammadabad Gohna,168
733,Mawana,169
734,Meerut,169
732,Sardhana,169
1003,Chunar,170
1001,Lalganj,170
1002,Marihan,170
1000,Mirzapur,170
720,Bilari,171
718,Kanth,171
719,Moradabad,171
717,Thakurdwara,171
709,Budhana,172
711,Jansath,172
710,Khatauli,172
708,Muzaffarnagar,172
6867,Amariya,173
791,Bisalpur,173
6866,Kalinagar,173
790,Pilibhit,173
792,Puranpur,173
881,Kunda,174
880,Lalganj,174
883,Patti,174
882,Pratapgarh,174
884,Raniganj,174
827,Dalmau,175
826,Lalganj,175
823,Maharajganj,175
825,Rae Bareli,175
829,Salon,175
828,Unchahar,175
725,Bilaspur,176
728,Milak,176
726,Rampur,176
727,Shahabad,176
723,Suar,176
724,Tanda,176
701,Behat,177
704,Deoband,177
703,Nakur,177
705,Rampur Maniharan,177
702,Saharanpur,177
943,Ghanghata,178
942,Khalilabad,178
941,Mehdawal,178
999,Aurai,179
997,Bhadohi,179
998,Gyanpur,179
796,Jalalabad,180
6882,Kalan,180
793,Powayan,180
795,Shahjahanpur,180
794,Tilhar,180
923,Bhinga,181
924,Ikauna,181
6164,Jamunaha,181
934,Bansi,182
936,Domariyaganj,182
935,Itwa,182
933,Naugarh,182
932,Shohratgarh,182
806,Biswan,183
805,Laharpur,183
807,Mahmudabad,183
6880,Maholi,183
803,Misrikh,183
808,Sidhauli,183
804,Sitapur,183
1006,Dudhi,184
1004,Ghorawal,184
7127,Obra,184
1005,Robertsganj,184
6868,Baldirai,185
916,Jaisinghpur,185
918,Kadipur,185
917,Lambhua,185
915,Sultanpur,185
6160,Bangarmau,186
818,Bighapur,186
815,Hasanganj,186
817,Purwa,186
814,Safipur,186
816,Unnao,186
995,Pindra,187
6093,Rajatalab,187
996,Varanasi Sadar,187
1010,Kasganj,633
1012,Patiyali,633
1011,Sahawar,633
914,Amethi,640
913,Gauriganj,640
912,Musafirkhana,640
824,Tiloi,640
722,Chandausi,659
778,Gunnaur,659
721,Sambhal,659
706,Kairana,660
707,Shamli,660
6159,Un,660
6032,Dhaulana,661
741,Garhmukteshwar,661
740,Hapur,661
