ward_number,page,mohalla_candidate_raw,status
1,01,"नो०- 1,,आवा ववका कॉरोनी,,एभ ्. जे.",REVIEW
2,01,"याघवदा नगय कारेज),(भोगराहा पॉय रेभऩसय)",REVIEW
3,01,"रानीर्ीहा खोराबार उर्ड सूबाबाजार ,रानीर्ीहा नया नया नया नया नया नया नया नया नया नया नया नया इन्जीशनमरयॊ ग कारेज भहादे व झायखण्डी टस कडा नम्फय दो आॊशिक,झायखण्डी टस कडा इन्जीशनमरयॊ ग नम्फय एक आॊशिक,श ॊघाडडमा",REVIEW
4,01,"कारेज/ MMM आॊशिक,याभऩसय उपफ याभगढ़ आॊशिक(भहादे व",REVIEW
5,02,"टोरा,भानफेरा खान भयामा",REVIEW
6,02,"खोयाफाय जॊगर श कयी उपफ खोयाफाय,श क्टौय नया नया नया नया नया नया नया नया नया नया नया नया भहादे व झायखण्डी टस कडा नम्फय दो भहादे व आॊशिक,दयगडहमा ,खोट्ठा टोरा,झायखण्डी",REVIEW
7,02,झायखण्डी,REVIEW
8,02,चयगावाॊ,REVIEW
9,02,नकहा,REVIEW
10,03,भाधव भाधव नम्फय दो,REVIEW
11,03,"फडगो वागयानी,फडगो नया नया नया नया नया नया नया नया नया नया नया नया फिायतऩसय / फिायतऩसय आॊशिक,याप्तीनगय",REVIEW
12,03,"Ashkok Nagar आॊशिक,(फिायतऩसय ऩषिभी)",REVIEW
13,03,"ॊझाई नया नया नया नया नया नया नया नया नया नया नया नया फेनी भाधव नॊ0 01,02 आॊशिक याजेन्र नगय / फयगदवा,याभऩसय नमागाॊव याजेन्र नगय",REVIEW
14,03,"Dr. Rajender (रच्छीऩसय),(रच्छीऩसय- हरयिचॊद एन्क्रेव)",REVIEW
15,04,"Hanumant गोयखऩसय,हसभामूॉऩसय उत्तयी) 1.25 0.90 0.45 1.00 0.75 0.40 0.80 0.55 0.25 0.10 0.10 0.10 nagar जनविम वफहाय कारोनी,हसभाॊमसऩसय उत्तयी जनविम वफहाय/",REVIEW
16,04,"आॊशिक(हसभामूॉऩसय उत्तयी (न्मू एरयमा 1.25 0.90 0.45 1.00 0.75 0.40 0.80 0.55 0.25 0.10 0.10 0.10 Digvijaay Nagar ),हसभामूॉऩसय उत्तयी (जनविमा ववहाय) )) ,जॊगर भातादीन ,,Jangal Tikoniya शिवऩसय",REVIEW
17,04,"Number 1 (जॊगर शिवऩसय,,जॊगर",REVIEW
18,04,"Gaytri Nagar तीन आॊशिक(झयना टोरा,गोभती टोरा)",REVIEW
19,04,गोऩराऩसय,REVIEW
20,05,"रच्छीऩसय रशरताऩसयभ ववस्ताय,शभर्ाफऩसय ऩचऩेडवा",REVIEW
21,05,"भोहनऩसय जॊगर हकीभ नॊ0 01 व 02 नया नया नया नया नया नया नया नया नया नया नया नया जॊगर जॊगर तसर ीयाभ ऩषिभी आॊशिक, अकोरवा,",REVIEW
22,05,तसर ीयाभ,REVIEW
23,05,ऩूवी/िहीद,REVIEW
24,05,Mathsender नौ ढ़,REVIEW
25,06,"शगयधयगॊज आॊशिक,वविसनऩसयवा,कूडाघाट,आवा ववका",REVIEW
26,06,"फेशतमाहाता 2.00 1.50 0.70 1.50 1.25 0.60 1.25 1.10 0.45 0.15 0.10 0.10 (जोन -4 )) जटे ऩसय उत्तयी, (जटे ऩसय उत्तयी (न्मू एरयमा)",REVIEW
27,06,"जटे ऩसय 1.25 0.90 0.45 1.00 0.75 0.40 0.80 0.55 0.25 0.10 0.10 0.10 आॊशिक अॊशधमायीफाग / अॊशधमायीफाग आॊशिक,तडकमाकवरदह",REVIEW
28,06,"Mansarover आॊशिक(तडकमा कवल्दाह,तडकमा कवल्दाह 1.25 0.90 0.45 1.00 0.75 0.40 0.80 0.55 0.25 0.10 0.10 0.10 Nagar ( ूमफ ववहाय),अॊशधमायी फाग) घोषीऩसयवा / घोषीऩसयवा PANDIT आॊशिक,गीतावाडटका,कायागाय,िाहऩसय आवा",REVIEW
29,06,"RAMPRASHAD ववका कारोनी आॊशिक, DEYARI COLONY , 1.25 0.90 0.45 1.00 0.75 0.40 0.80 0.55 0.25 0.10 0.10 0.10 BISHMILL RAILWAY COLONY ,(घोश ऩसयवा,िाहऩसय NAGAR (आवा ववका ऩूव)फ ,िाहऩसय कयभहाॊ उपफ",REVIEW
30,06,"गसररयहा नया नया नया नया नया नया नया नया नया नया नया नया कम्हरयमाॊ,भसडडरा,शभजाफऩसय,गसररयहा,उभयऩसय",REVIEW
31,06,"हय ेवकऩसय हय ेवकऩसय नॊ0 02,जॊगर ाशरकयाभ आॊशिक नया नया नया नया नया नया नया नया नया नया नया नया",REVIEW
32,07,"sahid तसकफभानऩसय आॊशिक,ऩहाडऩसय,(तसकफभानऩसय,) 1.25 0.90 0.45 1.00 0.75 0.40 0.80 0.55 0.25 0.10 0.10 0.10 asfakullah नयश ॊहऩसय,शनजाभऩसय,बयऩूयवा ,",REVIEW
33,07,"नयश ॊहऩसय Ghasikatra 1.25 0.90 0.45 1.00 0.75 0.40 0.80 0.55 0.25 0.10 0.10 0.10 ,(भोहनरारऩसय,नायश ॊहऩसय,उदफ ू फार्ाय) जटे ऩसय ये रवे कारोनी /",REVIEW
34,07,"जटे ऩसय ये रवे कारोनी,फौशरमा कारोनी 1.25 0.90 0.45 1.00 0.75 0.40 0.80 0.55 0.25 0.10 0.10 0.10 Vishwkarmapur am जॊगर ाशरकयाभ,िताब्दीऩसयभ ्,शिवऩसय जॊगर ाहफजगॊज,(जॊगर शिवऩसय,बगतऩसय टोरा",REVIEW
35,07,"ाशरकयाभ जॊगर ाशरकयाभ,जॊगर ाशरकयाभ",REVIEW
36,07,"रोडहमानगय कारोनी,(चक ा हस ैन,जटे ऩसय उत्तयी (न्मू 1.25 0.90 0.45 1.00 0.75 0.40 0.80 0.55 0.25 0.10 0.10 0.10 एरयमा) बयवशरमा फसजसग,फ भनहट, ेन्दर स ी-",REVIEW
37,07,"बयवशरमा नया नया नया नया नया नया नया नया नया नया नया नया फेन्दर स ी,कजाकऩस य भहे वा / Kanha भहे वा, चकया नॊफय 01, तसकफभानऩसय आॊशिक",REVIEW
38,07,"Upwan Nagar (चकया,भहे वा,भहे वा (िाॊ ऩोटफ नगय))",REVIEW
39,07,"गामघाट याभऩसय, गामघाट खसदफ, गामघाट फसजसगफ नया नया नया नया नया नया नया नया नया नया नया नया",REVIEW
40,08,"कृ ष्णानगय 1.25 0.90 0.45 1.00 0.75 0.40 0.80 0.55 0.25 0.10 0.10 0.10 याजेन्र नगय,(जटे ऩसय उत्तयी (न्मू एरयमा))",REVIEW
41,08,"भाधोऩसय भाधोऩसय, Suray Kund Anshik",REVIEW
42,08,"maharanapratp ऩटशनमा,नथभरऩसय,य ूरऩसय (जोन - 1.25 0.90 0.45 1.00 0.75 0.40 0.80 0.55 0.25 0.10 0.10 0.10 nagar 4),इॊ डषस्िमर एरयमा आॊशिक िाहऩसय आॊशिक व िाहऩसय आवा ववका कारोनी आॊशिक,धभफऩसय,(िाहऩसय,िाहऩसय",REVIEW
43,08,"िाहऩसय 1.25 0.90 0.45 1.00 0.75 0.40 0.80 0.55 0.25 0.10 0.10 0.10 (आवा ववका ऩषिभी),िाहऩसय (याप्ती काम््रेक् ),िाहऩसय (जैशभनी काम््रेक् )) फ ॊतऩसय,फ ॊतऩसय",REVIEW
44,08,"फ ॊतऩसय भसतनाजा,हनसभानचक,यकाफगॊज,(ये काफ 1.25 0.90 0.45 1.00 0.75 0.40 0.80 0.55 0.25 0.10 0.10 0.10 गॊज,फ ॊतऩसय खा ,,तसकफभानऩसय) ये रवे कारोनी ये रवे कारोनी वफशछमा,आय.ऩी.एप.",REVIEW
45,08,वफशछमा /,REVIEW
46,08,िविनगय,REVIEW
47,08,MAHATAMA आॊशिक 1.25 0.90 0.45 1.00 0.75 0.40 0.80 0.55 0.25 0.10 0.10 0.10 JYOTIBA FULE,REVIEW
48,08,"धभफिाराफाजाय धभफिाराफाजाय,जटे ऩसय दषिणी 1.25 0.90 0.45 1.00 0.75 0.40 0.80 0.55 0.25 0.10 0.10 0.10",REVIEW
49,09,"BENIGANJ दीवान फाजाय,रुरऩसय,गाजीयौजा 1.25 0.90 0.45 1.00 0.75 0.40 0.80 0.55 0.25 0.10 0.10 0.10 RUDRPUR कल्माणऩसय,रुस्तभऩसय,काजीऩसय",REVIEW
50,09,"कल्माणऩसय 1.25 0.90 0.45 1.00 0.75 0.40 0.80 0.55 0.25 0.10 0.10 0.10 करा,वफन्दटोरा,यभदत्तऩसय,फसराकीऩसय चकया दोमभ,चकया ोमभ,कठवशतमा उपफ",REVIEW
51,09,"दे वी ि ाद नगय नया नया नया नया नया नया नया नया नया नया नया नया कठउय,ऩथया वऩतया झयवा, ेभया दे वी ि ाद ऩसडदफ रऩसय,जटे ऩसय दषिणी,फक्िीऩसय",REVIEW
52,09,"ऩसडदफ रऩसय आॊशिक(चक 2.00 1.50 0.70 1.50 1.25 0.60 1.25 1.10 0.45 0.15 0.10 0.10 जरार,फक् ीऩसय,ऩसडदफ रऩसय,डदरेजाकऩसय ) याप्तीनगय आॊशिक,चक् ा हस ैन आॊशिक,शभजाफऩसय ऩचऩेडवा आॊशिक",REVIEW
53,09,"याभजानकीनगय 1.25 0.90 0.45 1.00 0.75 0.40 0.80 0.55 0.25 0.10 0.10 0.10 (शभर्ाफऩसय ऩचऩेडवा न्मू,चक ा हस ैन,फिायतऩसय ऩषिभी) उवफयकनगय,जॊगर नकहा नम्फय दो,,जॊगर नकहा नम्फय 1 Anshik(जॊगर नाखा",REVIEW
54,09,उवफयकनगय,REVIEW
55,09,"BANDHU आॊशिक,घो ीऩसय,दाउदचक,(शतवायीऩसय,) 1.25 0.90 0.45 1.00 0.75 0.40 0.80 0.55 0.25 0.10 0.10 0.10 SINGH NAGAR दाउदऩसय आॊशिक,रुस्तभऩसय दाउदऩसय / आॊशिक,य ूरऩसय,वफरन्दऩसय आॊशिक",REVIEW
56,09,"यघसऩशत हाम (य ूरऩसय (जोन - 1),दाउदऩसय 1.25 0.90 0.45 1.00 0.75 0.40 0.80 0.55 0.25 0.10 0.10 0.10 डपयाक नगय (चरुचन्रऩसयी),वफरन्दऩसय (इॊ डदया नगय),दाउदऩसय )",REVIEW
57,10,"यामगॊज यामगॊज दषिणी,यामगॊज उत्तयी , खसयफभऩसय 1.25 0.90 0.45 1.00 0.75 0.40 0.80 0.55 0.25 0.10 0.10 0.10 ूमक फ स ण्ड कारोनी,श धायीऩसय आॊशिक,तडकमा कवरदह आॊशिक,य ूरऩसय ूमक फ स ण्ड",REVIEW
58,10,"आॊशिक,दरयमाचक(दरयमा 1.25 0.90 0.45 1.00 0.75 0.40 0.80 0.55 0.25 0.10 0.10 0.10 धाभनगय चक,श धायीऩसय,श धायीऩसय ( ूमाफ काइॊ ड कॉरोनी),वफरन्दऩसय (जोन-4)) जापयाफाजाय/ जापयाफाजाय,अॊशधमायीफाग",REVIEW
59,10,"AATMA RAM आॊशिक,अफूफाजाय,इस्राभचक,(अॊशधमायी फाग) 1.25 0.90 0.45 1.00 0.75 0.40 0.80 0.55 0.25 0.10 0.10 0.10 NAGAR ववका नगय(रच्छीऩसय),जाप्ती टोरा,(रच्छीऩसय -",REVIEW
60,10,ववका नगय,REVIEW
61,10,"आॊशिक,खोखयटोरा,न ीयाफाद,(, ाहफ 1.25 0.90 0.45 1.00 0.75 0.40 0.80 0.55 0.25 0.10 0.10 0.10 SAHABGANJ गॊज,घा ी कटया,खसनीऩसय) शभमाॊफाजाय/ शभमाॊफाजाय आॊशिक,(चक जरार,शभमाॉ",REVIEW
62,10,"MAYABAZAR फार्ाय,चकजरार- ऩिसऩशत दवा फार्ाय) 2.00 1.50 0.70 1.50 1.25 0.60 1.25 1.10 0.45 0.15 0.10 0.10 काजीऩसय खसदफ /",REVIEW
63,10,"काजीऩसय खसदफ,फनकटीचक जगन्नाथऩसय 1.25 0.90 0.45 1.00 0.75 0.40 0.80 0.55 0.25 0.10 0.10 0.10 JAGARNATH बेडडमागढ़ / बेडडमागढ़,,वविनसऩसयभ(जटे ऩसय उतयी (न्मू",REVIEW
64,10,"Vishnupuram एरयमा),जटे ऩसय उत्तयी,िाहऩसय )",REVIEW
65,10,"MOHAN उपफ चैनऩसय,(शभमाॉ फार्ाय) 1.25 0.90 0.45 1.00 0.75 0.40 0.80 0.55 0.25 0.10 0.10 0.10 PANDEY NAGAR",REVIEW
66,11,"चन्द फो नगय आॊशिक, ॊकटभोचननगय,भाधवऩसय, ( सबाष",REVIEW
67,11,"Sardar bhagat भोहद्दीऩसय 1.25 0.90 0.45 1.00 0.75 0.40 0.80 0.55 0.25 0.10 0.10 0.10 singh nagar शतवायीऩसय आॊशिक,फहयाभऩसय उपफ वऩऩयाऩसय शतवायीऩसय / आॊशिक,भोहनरारऩसय,(शतवायीऩसय,वऩऩयाऩसय,रु MAHARSHI",REVIEW
68,11,"स्तभऩसय (जोन-2),रुस्तभऩसय (आवा ववका 1.25 0.90 0.45 1.00 0.75 0.40 0.80 0.55 0.25 0.10 0.10 0.10 DADHICHI कॉरोनी),रुस्तभऩसय ( आवा ववका A- NAGAR ब्राक) हॉ सऩसय / Shri",REVIEW
69,11,"हॉ सऩसय,तसकफभानऩसय आॊशिक 1.25 0.90 0.45 1.00 0.75 0.40 0.80 0.55 0.25 0.10 0.10 0.10 Ram Chauk रुस्तभऩसय रुस्भऩसय आॊशिक,शचरभाऩसय,बयवशरमा खसदफ",REVIEW
70,11,/Chandsekhar (रुस्तभऩसय (जोन -1 )),REVIEW
71,11,"ARYA Nagar दषिणी(हसभामूॉऩसय,) 1.25 0.90 0.45 1.00 0.75 0.40 0.80 0.55 0.25 0.10 0.10 0.10",REVIEW
72,12,"वित्तीम राइन,ऩयहा,वफरन्दऩसय (जोन- 2.00 1.50 0.70 1.50 1.25 0.60 1.25 1.10 0.45 0.15 0.10 0.10 1),कारेऩसय,श ववर राइन) (शभर्ाफऩसय (जोन- 2))शभजाफऩसय,घा ीकटया",REVIEW
73,12,"शभजाफऩसय 1.25 0.90 0.45 1.00 0.75 0.40 0.80 0.55 0.25 0.10 0.10 0.10 आॊशिक,भसण्डे यीचक,यहभतनगय चक् ा हस ैन / चक् ा हस ैन आॊशिक, जाडहदाफाद,जटे ऩसय",REVIEW
74,12,"shant jhulelaal उत्तयी आॊशिक,(चक ा हस ैन)",REVIEW
75,12,"भहसई सधयऩसय,शभजाफऩसय(,फेशतमाहाता)",REVIEW
76,12,"फार्ाय,िाह भाहरूप,िाह भाहरूप ( यहयी 1.25 0.90 0.45 1.00 0.75 0.40 0.80 0.55 0.25 0.10 0.10 0.10 GHANTA GHAR आकेड)) िेषऩसय/ GEETA िेषऩसय,खूनीऩसय आॊशिक,दीवान",REVIEW
77,12,"PRESS NAGAR दमायाभ,(खसनीऩसय, ाहफ गॊज) 1.25 0.90 0.45 1.00 0.75 0.40 0.80 0.55 0.25 0.10 0.10 0.10",REVIEW
78,13,"ऩसयाना गोयखऩसय 1.25 0.90 0.45 1.00 0.75 0.40 0.80 0.55 0.25 0.10 0.10 0.10 NAGAR,GOPALAN NAGAR,SINDHI COLONY(हसभामूॉऩसय उत्तयीआॊशिक, श ववर राईन श ववर राईन आॊशिक,दाउदऩसय",REVIEW
79,13,"िथभ आॊशिक,श ववर राइन 2.00 1.50 0.70 1.50 1.25 0.60 1.25 1.10 0.45 0.15 0.10 0.10 याप्तीनगय आॊशिक,फिायतऩसय ऩषिभी आॊशिक(फिायतऩसय खा ,फिायतऩसय",REVIEW
80,13,"याप्तीनगय ऩषिभी,याप्ती नगय (पेज-III),याप्ती नगय (पेज",REVIEW
