district_code,district_name,gram_panchayat_code,gram_panchayat_name,prd_block_name,prd_block_code
140,Ayodhya,60965,Acchora,HARINGATANGANJ,1670
119,Aligarh,43887,Ahak,JAWAN,1409
140,Ayodhya,60967,Aharan Suvansh,HARINGATANGANJ,1670
119,Aligarh,43888,Ahroli,JAWAN,1409
125,Bahraich,266633,Aladapur,TAJWAPUR,1489
119,Aligarh,266363,Alampur Subkara,JAWAN,1409
119,Aligarh,43889,Amrauli,JAWAN,1409
119,Aligarh,43890,Bahrampur,JAWAN,1409
119,Aligarh,266356,Bajgarhi,JAWAN,1409
125,Bahraich,49513,Bala Saraya,TAJWAPUR,1489
119,Aligarh,43892,Barhati,JAWAN,1409
125,Bahraich,49514,Bariya,TAJWAPUR,1489
125,Bahraich,49516,Baukaha,TAJWAPUR,1489
125,Bahraich,49517,Baundi Fateullapur,TAJWAPUR,1489
125,Bahraich,49519,Bhakala Gopalpur,TAJWAPUR,1489
119,Aligarh,43893,Bhim Garihi,JAWAN,1409
125,Bahraich,49522,Bhogiyapur,TAJWAPUR,1489
119,Aligarh,43894,Bhojpur Garhia,JAWAN,1409
140,Ayodhya,267454,Bhulaipur Nidhiyawa,HARINGATANGANJ,1670
125,Bahraich,266637,Bijjauwapur,TAJWAPUR,1489
125,Bahraich,266628,Bilaspur,TAJWAPUR,1489
125,Bahraich,49523,Bir Shahpur,TAJWAPUR,1489
125,Bahraich,49525,Chandanpur Sikaria,TAJWAPUR,1489
125,Bahraich,49526,Chaukhdiya,TAJWAPUR,1489
125,Bahraich,49527,Chetara,TAJWAPUR,1489
119,Aligarh,43897,Chherat Sudhal,JAWAN,1409
140,Ayodhya,60973,Chikhari,HARINGATANGANJ,1670
119,Aligarh,43898,Dabthala,JAWAN,1409
125,Bahraich,49528,Dahawa,TAJWAPUR,1489
119,Aligarh,43899,Daoopur,JAWAN,1409
119,Aligarh,43900,Daoopur Kota,JAWAN,1409
125,Bahraich,49529,Dasarathpur,TAJWAPUR,1489
140,Ayodhya,60975,Devgiri,HARINGATANGANJ,1670
140,Ayodhya,60976,Dewan Para,HARINGATANGANJ,1670
119,Aligarh,43901,Dhainkura,JAWAN,1409
140,Ayodhya,267384,Dhemashivbaxarai,HARINGATANGANJ,1670
125,Bahraich,49530,Dhobiha,TAJWAPUR,1489
125,Bahraich,266632,Dhodhayal,TAJWAPUR,1489
140,Ayodhya,60978,Dihpure Birbal,HARINGATANGANJ,1670
125,Bahraich,49531,Dokari,TAJWAPUR,1489
125,Bahraich,266622,Fatehpur,TAJWAPUR,1489
125,Bahraich,49532,Gajpatipur,TAJWAPUR,1489
125,Bahraich,49533,Ganiyapur,TAJWAPUR,1489
140,Ayodhya,60981,Gayasuddin Pur,HARINGATANGANJ,1670
140,Ayodhya,60983,Ghurehata,HARINGATANGANJ,1670
140,Ayodhya,267435,Girdharamau,HARINGATANGANJ,1670
125,Bahraich,49534,Godawa,TAJWAPUR,1489
119,Aligarh,43905,Godha,JAWAN,1409
119,Aligarh,43934,Gokulpur Piplauth,JAWAN,1409
119,Aligarh,43906,Gopalpur,JAWAN,1409
125,Bahraich,49535,Gopchandpur,TAJWAPUR,1489
119,Aligarh,43907,Haivatpur Siya,JAWAN,1409
140,Ayodhya,60986,Halle Dwarikapur,HARINGATANGANJ,1670
140,Ayodhya,60984,Hardoiya,HARINGATANGANJ,1670
140,Ayodhya,60985,Hariram Pur,HARINGATANGANJ,1670
125,Bahraich,49536,Hemariya,TAJWAPUR,1489
125,Bahraich,49537,Husenpur,TAJWAPUR,1489
119,Aligarh,43908,Imlauth,JAWAN,1409
125,Bahraich,49538,Jabdi,TAJWAPUR,1489
140,Ayodhya,60987,Jakha,HARINGATANGANJ,1670
140,Ayodhya,60988,Jalalpur Bhaggu,HARINGATANGANJ,1670
119,Aligarh,43910,Jamalpur Siya,JAWAN,1409
140,Ayodhya,60989,Jamua,HARINGATANGANJ,1670
119,Aligarh,266370,Jangal Garhi,JAWAN,1409
119,Aligarh,43911,Jarauthi,JAWAN,1409
119,Aligarh,43912,Jatpura,JAWAN,1409
125,Bahraich,49539,Jhingha,TAJWAPUR,1489
125,Bahraich,49540,Jihura Mafi,TAJWAPUR,1489
140,Ayodhya,60991,Kadanpur,HARINGATANGANJ,1670
140,Ayodhya,60992,Kanauwa,HARINGATANGANJ,1670
119,Aligarh,43917,Kasimpur,JAWAN,1409
125,Bahraich,49541,Kataha,TAJWAPUR,1489
119,Aligarh,43919,Kazimpur,JAWAN,1409
140,Ayodhya,267438,Keshavpur Chilbili,HARINGATANGANJ,1670
125,Bahraich,49544,Khamriya Hardo Patti,TAJWAPUR,1489
125,Bahraich,49545,Khashaha Mohdpur,TAJWAPUR,1489
119,Aligarh,266359,Kherupura,JAWAN,1409
125,Bahraich,49546,Khmriha Sukul,TAJWAPUR,1489
119,Aligarh,43920,Khurd Khera,JAWAN,1409
119,Aligarh,43921,Kithara,JAWAN,1409
125,Bahraich,49549,Lakha Baundi,TAJWAPUR,1489
140,Ayodhya,60994,Laxmanpur Grant,HARINGATANGANJ,1670
125,Bahraich,266621,Maigala,TAJWAPUR,1489
119,Aligarh,43924,Maimari,JAWAN,1409
140,Ayodhya,60995,Malethu Buzurg,HARINGATANGANJ,1670
140,Ayodhya,60996,Malethu Khurd,HARINGATANGANJ,1670
119,Aligarh,43925,Malikpuraa,JAWAN,1409
125,Bahraich,49550,Maraucha,TAJWAPUR,1489
119,Aligarh,266365,Mirzapur Siya,JAWAN,1409
125,Bahraich,49552,Mogalaha,TAJWAPUR,1489
119,Aligarh,43927,Mujaffara,JAWAN,1409
140,Ayodhya,60997,Mukimpur,HARINGATANGANJ,1670
119,Aligarh,43928,Nagaula -,JAWAN,1409
125,Bahraich,49554,Narahar Gonda,TAJWAPUR,1489
125,Bahraich,49555,Naushahara,TAJWAPUR,1489
140,Ayodhya,60998,Nimdi,HARINGATANGANJ,1670
140,Ayodhya,60999,Niyamatpur,HARINGATANGANJ,1670
119,Aligarh,43929,Oriha,JAWAN,1409
119,Aligarh,43931,Pala Majra Kastari Vaishya,JAWAN,1409
140,Ayodhya,61000,Paliya Lohani,HARINGATANGANJ,1670
140,Ayodhya,61001,Paliya Partapshah,HARINGATANGANJ,1670
140,Ayodhya,61002,Paraspur Sathra,HARINGATANGANJ,1670
140,Ayodhya,61003,Paratajpur,HARINGATANGANJ,1670
119,Aligarh,266368,Parhaka Sultanpur,JAWAN,1409
119,Aligarh,266369,Partap Pur,JAWAN,1409
140,Ayodhya,61005,Paruwa,HARINGATANGANJ,1670
119,Aligarh,43932,Pauhina,JAWAN,1409
119,Aligarh,43933,Pilauna,JAWAN,1409
119,Aligarh,43936,Pothi,JAWAN,1409
119,Aligarh,43937,Rafipur Siya,JAWAN,1409
125,Bahraich,49557,Raipura,TAJWAPUR,1489
125,Bahraich,49558,Ram Gaon,TAJWAPUR,1489
125,Bahraich,49559,Ram Purwa,TAJWAPUR,1489
125,Bahraich,49560,Ramgadi,TAJWAPUR,1489
140,Ayodhya,61007,Rampur Johan,HARINGATANGANJ,1670
140,Ayodhya,61008,Ranapur,HARINGATANGANJ,1670
140,Ayodhya,61009,Rewna,HARINGATANGANJ,1670
140,Ayodhya,61010,Ruru Khas,HARINGATANGANJ,1670
125,Bahraich,49561,Sablapur,TAJWAPUR,1489
140,Ayodhya,61011,Sagar Patti,HARINGATANGANJ,1670
140,Ayodhya,61012,Salahipur,HARINGATANGANJ,1670
119,Aligarh,43942,Salaimpur,JAWAN,1409
119,Aligarh,43943,Samastpur Kota,JAWAN,1409
119,Aligarh,43944,Sapera Bhanpur,JAWAN,1409
125,Bahraich,49563,Sarpataha,TAJWAPUR,1489
140,Ayodhya,61013,Semra,HARINGATANGANJ,1670
140,Ayodhya,267357,Sendhutara,HARINGATANGANJ,1670
140,Ayodhya,61014,Shahabad Grant,HARINGATANGANJ,1670
140,Ayodhya,61015,Shankarpur,HARINGATANGANJ,1670
140,Ayodhya,61016,Sidhaura,HARINGATANGANJ,1670
119,Aligarh,43947,Sikandrapur Kota,JAWAN,1409
125,Bahraich,49565,Singahi,TAJWAPUR,1489
125,Bahraich,49566,Sisai Haidar,TAJWAPUR,1489
119,Aligarh,43949,Siya Khas,JAWAN,1409
140,Ayodhya,61017,Sohwal Saloni,HARINGATANGANJ,1670
119,Aligarh,43950,Songra,JAWAN,1409
119,Aligarh,43952,Sumera Dariyapur,JAWAN,1409
119,Aligarh,43953,Sumerpur,JAWAN,1409
125,Bahraich,49567,Surjana,TAJWAPUR,1489
119,Aligarh,43956,Talepur,JAWAN,1409
119,Aligarh,43957,Talib Nagar,JAWAN,1409
125,Bahraich,266635,Tamachpur,TAJWAPUR,1489
119,Aligarh,43958,Tamkauli,JAWAN,1409
119,Aligarh,43959,Taqipur,JAWAN,1409
125,Bahraich,49568,Tarapur Khurd,TAJWAPUR,1489
119,Aligarh,43960,Tejpur,JAWAN,1409
125,Bahraich,49569,Tejwapur,TAJWAPUR,1489
125,Bahraich,49572,Tingai,TAJWAPUR,1489
125,Bahraich,49573,Udawapur,TAJWAPUR,1489
125,Bahraich,266629,Umari Dahalo,TAJWAPUR,1489
125,Bahraich,266624,Unchgaon,TAJWAPUR,1489
140,Ayodhya,61019,Uruva Vaishya,HARINGATANGANJ,1670
119,Aligarh,43961,Veerpur Chhabil Garhi,JAWAN,1409
125,Bahraich,49328,Ailau,PRAYAGPUR,1486
125,Bahraich,49333,Baniya Gawn,PRAYAGPUR,1486
125,Bahraich,49334,Bankata,PRAYAGPUR,1486
125,Bahraich,49515,Basauna Mafi,TAJWAPUR,1489
140,Ayodhya,60968,Baswar Buzurg,HARINGATANGANJ,1670
140,Ayodhya,60969,Baswar Khurd,HARINGATANGANJ,1670
125,Bahraich,49518,Behat Bhaya,TAJWAPUR,1489
125,Bahraich,49335,Belwa Padum,PRAYAGPUR,1486
125,Bahraich,49336,Bhagat Purva,PRAYAGPUR,1486
125,Bahraich,49520,Bhatpurwa,TAJWAPUR,1489
119,Aligarh,266366,Bhawain,JAWAN,1409
125,Bahraich,266529,Bhingri,PRAYAGPUR,1486
125,Bahraich,49521,Bhirwa,TAJWAPUR,1489
140,Ayodhya,60970,Bhitari,HARINGATANGANJ,1670
125,Bahraich,49524,Birahim Diha,TAJWAPUR,1489
184,Sonbhadra,271269,Bodhadih,KON,202002
140,Ayodhya,60971,Chamaila,HARINGATANGANJ,1670
125,Bahraich,49338,Chandva Pur,PRAYAGPUR,1486
119,Aligarh,43896,Chhalesar,JAWAN,1409
140,Ayodhya,60977,Deeh Bharthi,HARINGATANGANJ,1670
140,Ayodhya,60974,Deokali Mafi,HARINGATANGANJ,1670
125,Bahraich,266536,Derwa Harwanshpur,PRAYAGPUR,1486
140,Ayodhya,61018,Dhema Vaisya,HARINGATANGANJ,1670
125,Bahraich,49339,Emaliya Ganj,PRAYAGPUR,1486
119,Aligarh,43903,Faridpur Tatargarihi,JAWAN,1409
140,Ayodhya,60979,Ganesh Pur,HARINGATANGANJ,1670
140,Ayodhya,60980,Gangapur,HARINGATANGANJ,1670
119,Aligarh,43904,Ganwari,JAWAN,1409
140,Ayodhya,60982,Ghatam Pur,HARINGATANGANJ,1670
125,Bahraich,49341,Hasuvapara,PRAYAGPUR,1486
125,Bahraich,49342,Hatawa Hardas,PRAYAGPUR,1486
119,Aligarh,43909,Ismailpur,JAWAN,1409
125,Bahraich,49344,Jhala Tarhar,PRAYAGPUR,1486
119,Aligarh,43915,Kaliyanpur,JAWAN,1409
125,Bahraich,266527,Kalui,PRAYAGPUR,1486
119,Aligarh,43916,Kanaura,JAWAN,1409
125,Bahraich,49345,Kashi Joot,PRAYAGPUR,1486
119,Aligarh,43918,Kastari Vaishya,JAWAN,1409
140,Ayodhya,60993,Khad Bhadiya,HARINGATANGANJ,1670
125,Bahraich,49543,Khaira,TAJWAPUR,1489
125,Bahraich,49346,Khajuri,PRAYAGPUR,1486
125,Bahraich,49347,Khoriya Shafiq,PRAYAGPUR,1486
125,Bahraich,49547,Khuajgipur,TAJWAPUR,1489
125,Bahraich,49348,Khutehana,PRAYAGPUR,1486
125,Bahraich,49548,Kiratanpur,TAJWAPUR,1489
125,Bahraich,49349,Kodri Taal,PRAYAGPUR,1486
125,Bahraich,49351,Kushbhauna,PRAYAGPUR,1486
125,Bahraich,266539,Lahdaura,PRAYAGPUR,1486
125,Bahraich,49353,Lal Pur,PRAYAGPUR,1486
125,Bahraich,244370,Mafikpur,TAJWAPUR,1489
125,Bahraich,49355,Malanwa,PRAYAGPUR,1486
125,Bahraich,49356,Manika Pur Kalan,PRAYAGPUR,1486
125,Bahraich,49551,Mirzapur,TAJWAPUR,1489
125,Bahraich,266544,Mohammadpur Kakaraha,PRAYAGPUR,1486
125,Bahraich,49357,Mohan Purmaphi,PRAYAGPUR,1486
125,Bahraich,49553,Nahkatiya,TAJWAPUR,1489
125,Bahraich,49359,Narayan Pur,PRAYAGPUR,1486
125,Bahraich,49556,Newada,TAJWAPUR,1489
125,Bahraich,49361,Pachdewara,PRAYAGPUR,1486
119,Aligarh,43930,Padki,JAWAN,1409
125,Bahraich,49363,Pahadwa,PRAYAGPUR,1486
125,Bahraich,49364,Pahlwara,PRAYAGPUR,1486
125,Bahraich,49366,Pakri Kalan,PRAYAGPUR,1486
125,Bahraich,266532,Parasiya Pandit,PRAYAGPUR,1486
140,Ayodhya,61004,Parsuhi,HARINGATANGANJ,1670
125,Bahraich,49370,Pipra Padarath,PRAYAGPUR,1486
119,Aligarh,43935,Pokhar Garhi,JAWAN,1409
119,Aligarh,242979,Raipur Sunamai,JAWAN,1409
125,Bahraich,49371,Raja Pur Kalan,PRAYAGPUR,1486
140,Ayodhya,61006,Rajaura,HARINGATANGANJ,1670
125,Bahraich,49372,Rajuwa Pur,PRAYAGPUR,1486
119,Aligarh,43941,Rathgawan,JAWAN,1409
125,Bahraich,49373,Raydeeh,PRAYAGPUR,1486
125,Bahraich,266525,Rohni Bhari,PRAYAGPUR,1486
125,Bahraich,49374,Rukna Pur,PRAYAGPUR,1486
125,Bahraich,266540,Sahsrawan,PRAYAGPUR,1486
125,Bahraich,49562,Saray Mehrabad,TAJWAPUR,1489
125,Bahraich,49376,Sarsa,PRAYAGPUR,1486
119,Aligarh,43945,Satha,JAWAN,1409
125,Bahraich,49377,Satpediya,PRAYAGPUR,1486
125,Bahraich,266542,Satrahi,PRAYAGPUR,1486
125,Bahraich,49378,Semriyanwa,PRAYAGPUR,1486
125,Bahraich,49379,Sevdha,PRAYAGPUR,1486
125,Bahraich,49380,Shambhu Tikuri,PRAYAGPUR,1486
125,Bahraich,49564,Shekh Dahir,TAJWAPUR,1489
125,Bahraich,49381,Shiv Daha,PRAYAGPUR,1486
119,Aligarh,43946,Sikandrapur Cherat,JAWAN,1409
125,Bahraich,49382,Sohariyava,PRAYAGPUR,1486
125,Bahraich,49383,Suhelva,PRAYAGPUR,1486
125,Bahraich,49384,Sumer Pur,PRAYAGPUR,1486
119,Aligarh,43955,Sunana,JAWAN,1409
125,Bahraich,49385,Talab Baghel,PRAYAGPUR,1486
125,Bahraich,49571,Tendawa Sisatipur,TAJWAPUR,1489
125,Bahraich,49387,Tirkoliya,PRAYAGPUR,1486
125,Bahraich,266547,Udharana Thakurain,PRAYAGPUR,1486
125,Bahraich,49574,Yadavapur,TAJWAPUR,1489
140,Ayodhya,60966,Adil Pur,HARINGATANGANJ,1670
125,Bahraich,49329,Akraura,PRAYAGPUR,1486
125,Bahraich,49330,Amda Pur,PRAYAGPUR,1486
125,Bahraich,49331,Arka Pur,PRAYAGPUR,1486
125,Bahraich,49332,Babhniyawa,PRAYAGPUR,1486
184,Sonbhadra,90317,Bageshoti,KON,202002
184,Sonbhadra,271167,Barwakhad,KON,202002
184,Sonbhadra,90324,Chanchi Kalna,KON,202002
140,Ayodhya,60972,Chandipur Nagarha,HARINGATANGANJ,1670
184,Sonbhadra,271196,Cherwadih,KON,202002
184,Sonbhadra,90327,Devatan,KON,202002
184,Sonbhadra,90330,Gidhiya,KON,202002
125,Bahraich,49340,Gurchahi,PRAYAGPUR,1486
125,Bahraich,49343,Hatva Gopal,PRAYAGPUR,1486
140,Ayodhya,60990,Johan,HARINGATANGANJ,1670
184,Sonbhadra,90336,Kachanarava,KON,202002
184,Sonbhadra,90339,Karel,KON,202002
184,Sonbhadra,90344,Khraundhi,KON,202002
125,Bahraich,49350,Koluha,PRAYAGPUR,1486
119,Aligarh,43922,Kotakhas,JAWAN,1409
184,Sonbhadra,90349,Kuarava,KON,202002
125,Bahraich,49352,Lakhahi Putli Tara,PRAYAGPUR,1486
184,Sonbhadra,271188,Mohiddinpur,KON,202002
125,Bahraich,49358,Munderva Thakurain,PRAYAGPUR,1486
184,Sonbhadra,90354,Negae,KON,202002
125,Bahraich,49362,Padri,PRAYAGPUR,1486
125,Bahraich,49367,Parna,PRAYAGPUR,1486
184,Sonbhadra,90360,Piparkhand,KON,202002
119,Aligarh,43938,Raipur Dehli,JAWAN,1409
119,Aligarh,266372,Ram Nagar,JAWAN,1409
184,Sonbhadra,90363,Rorava,KON,202002
119,Aligarh,43948,Sikarna,JAWAN,1409
119,Aligarh,43954,Sunamai,JAWAN,1409
119,Aligarh,43951,Surajpur,JAWAN,1409
125,Bahraich,49389,Veer Pur,PRAYAGPUR,1486
125,Bahraich,49512,Adilpur,TAJWAPUR,1489
184,Sonbhadra,90593,Barhmauri,KON,202002
184,Sonbhadra,90321,Barvadih,KON,202002
184,Sonbhadra,90390,Karahiya,KON,202002
125,Bahraich,49542,Kaudaha,TAJWAPUR,1489
184,Sonbhadra,90342,Khempur,KON,202002
184,Sonbhadra,90343,Khetkatva,KON,202002
184,Sonbhadra,90345,Kishunpurva,KON,202002
125,Bahraich,49354,Madhya Nagra,PRAYAGPUR,1486
184,Sonbhadra,271190,Majhigawa,KON,202002
184,Sonbhadra,90352,Nakatvar,KON,202002
125,Bahraich,49570,Tendawa Basantpur,TAJWAPUR,1489
125,Bahraich,49386,Thavai,PRAYAGPUR,1486
184,Sonbhadra,90346,Kona,KON,202002
184,Sonbhadra,90351,Mitihiniya,KON,202002
184,Sonbhadra,90622,Pindari,KON,202002
125,Bahraich,49337,Chaisar,PRAYAGPUR,1486
184,Sonbhadra,90602,Chakariya,KON,202002
184,Sonbhadra,90594,Chananee,KON,202002
184,Sonbhadra,90350,Misari,KON,202002
125,Bahraich,49365,Paidi,PRAYAGPUR,1486
184,Sonbhadra,90353,Naudiha,KON,202002
184,Sonbhadra,90361,Ramagarh,KON,202002
125,Bahraich,49368,Parsiya Alam,PRAYAGPUR,1486
125,Bahraich,49388,Vaini,PRAYAGPUR,1486
119,Aligarh,43895,Luhara,JAWAN,1409
