district_code,district_name,gram_panchayat_code,gram_panchayat_name,prd_block_name,prd_block_code,lgd_block_code,lgd_block_name,resolution
118,AGRA,42868,CHAMRAULI,BARAULI AHIR,1389,806,Barauli Ahir,exact_name
118,AGRA,42878,KAHRAI,BARAULI AHIR,1389,806,Barauli Ahir,exact_name
118,AGRA,42881,KALAL KHERIA,BARAULI AHIR,1389,806,Barauli Ahir,exact_name
118,AGRA,42904,TORA,BARAULI AHIR,1389,806,Barauli Ahir,exact_name
118,AGRA,42911,DEHTORA,BICHPURI,1390,807,Bichpuri,exact_name
119,ALIGARH,43560,CHANDAUS,CHANDAUS,1404,821,Chandaus,exact_name
119,ALIGARH,43569,GABHANA,CHANDAUS,1404,821,Chandaus,exact_name
119,ALIGARH,43591,MOHRAINA,CHANDAUS,1404,821,Chandaus,exact_name
119,ALIGARH,43600,PANIHAVAR,CHANDAUS,1404,821,Chandaus,exact_name
119,ALIGARH,43601,PISAVA,CHANDAUS,1404,821,Chandaus,exact_name
119,ALIGARH,43602,RAMPUR,CHANDAUS,1404,821,Chandaus,exact_name
119,ALIGARH,43605,ROOP NAGAR,CHANDAUS,1404,821,Chandaus,exact_name
119,ALIGARH,43609,SOMNA,CHANDAUS,1404,821,Chandaus,exact_name
119,ALIGARH,43621,ALINAGAR,DHANIPUR,1405,822,Dhanipur,exact_name
119,ALIGARH,43669,NAGLA PANKHANI,DHANIPUR,1405,822,Dhanipur,exact_name
119,ALIGARH,43673,PALI RAZAPUR,DHANIPUR,1405,822,Dhanipur,exact_name
119,ALIGARH,43682,SIDHAULI,DHANIPUR,1405,822,Dhanipur,exact_name
119,ALIGARH,242978,BAROULA,JAWAN,1409,826,Jawan Sikanderpur,explicit_alias
119,ALIGARH,242980,TATARGARHI,JAWAN,1409,826,Jawan Sikanderpur,explicit_alias
119,ALIGARH,266355,DAHELI,JAWAN,1409,826,Jawan Sikanderpur,explicit_alias
119,ALIGARH,43891,BARAULI,JAWAN,1409,826,Jawan Sikanderpur,explicit_alias
119,ALIGARH,43913,JAWAN SIKANDPUR,JAWAN,1409,826,Jawan Sikanderpur,explicit_alias
119,ALIGARH,43914,JAWAN VAJIDPUR,JAWAN,1409,826,Jawan Sikanderpur,explicit_alias
119,ALIGARH,43923,LEHTOI,JAWAN,1409,826,Jawan Sikanderpur,explicit_alias
119,ALIGARH,43940,RAMPUR,JAWAN,1409,826,Jawan Sikanderpur,explicit_alias
119,ALIGARH,266200,KOTHIYA,LODHA,1411,828,Lodha,exact_name
119,ALIGARH,266203,HAJIPUR CHAUHATTA,LODHA,1411,828,Lodha,exact_name
119,ALIGARH,266425,KHERIYA KHWAZA BUDDHA,LODHA,1411,828,Lodha,exact_name
119,ALIGARH,44032,AJITPURASNA,LODHA,1411,828,Lodha,exact_name
119,ALIGARH,44041,BARHAULI FATEH KHAN,LODHA,1411,828,Lodha,exact_name
119,ALIGARH,44044,BHADESI MAFI,LODHA,1411,828,Lodha,exact_name
119,ALIGARH,44046,BHAKRAULA,LODHA,1411,828,Lodha,exact_name
119,ALIGARH,44056,DAULRA NIRPAL,LODHA,1411,828,Lodha,exact_name
119,ALIGARH,44057,DEOSAINI,LODHA,1411,828,Lodha,exact_name
119,ALIGARH,44087,MADRAK,LODHA,1411,828,Lodha,exact_name
119,ALIGARH,44090,MAINATH,LODHA,1411,828,Lodha,exact_name
119,ALIGARH,44093,MUKUNDPUR,LODHA,1411,828,Lodha,exact_name
119,ALIGARH,44097,NAUHATI,LODHA,1411,828,Lodha,exact_name
119,ALIGARH,44100,PARIYAVALI,LODHA,1411,828,Lodha,exact_name
119,ALIGARH,44106,RUSTAMPUR SAKATKHAN,LODHA,1411,828,Lodha,exact_name
119,ALIGARH,44113,SHAHPUR MADRAK,LODHA,1411,828,Lodha,exact_name
119,ALIGARH,44116,SUKHRAVALI,LODHA,1411,828,Lodha,exact_name
119,ALIGARH,44118,TALASPUR KALAN,LODHA,1411,828,Lodha,exact_name
121,AMBEDKAR NAGAR,271419,SINGHPUR,JAHANGIR GANJ,1437,854,Jahangir Ganj,exact_name
121,AMBEDKAR NAGAR,271602,GANPATPUR,JAHANGIR GANJ,1437,854,Jahangir Ganj,exact_name
121,AMBEDKAR NAGAR,271641,BACHHUAPAR,JAHANGIR GANJ,1437,854,Jahangir Ganj,exact_name
121,AMBEDKAR NAGAR,271647,JANESARI BUJURG,JAHANGIR GANJ,1437,854,Jahangir Ganj,exact_name
121,AMBEDKAR NAGAR,271650,VISHNATHPUR,JAHANGIR GANJ,1437,854,Jahangir Ganj,exact_name
121,AMBEDKAR NAGAR,272130,NARWARPATTI,JAHANGIR GANJ,1437,854,Jahangir Ganj,exact_name
121,AMBEDKAR NAGAR,45974,BALRAMPUR,JAHANGIR GANJ,1437,854,Jahangir Ganj,exact_name
121,AMBEDKAR NAGAR,45992,DHARUPUR,JAHANGIR GANJ,1437,854,Jahangir Ganj,exact_name
121,AMBEDKAR NAGAR,45995,FATTEPUR KHAS,JAHANGIR GANJ,1437,854,Jahangir Ganj,exact_name
121,AMBEDKAR NAGAR,46005,JAHANGIRGANJ,JAHANGIR GANJ,1437,854,Jahangir Ganj,exact_name
121,AMBEDKAR NAGAR,46009,KAKRAPAR,JAHANGIR GANJ,1437,854,Jahangir Ganj,exact_name
121,AMBEDKAR NAGAR,46024,MAMPUR,JAHANGIR GANJ,1437,854,Jahangir Ganj,exact_name
121,AMBEDKAR NAGAR,46028,NARIYAWAN,JAHANGIR GANJ,1437,854,Jahangir Ganj,exact_name
121,AMBEDKAR NAGAR,46034,RAJEPUR,JAHANGIR GANJ,1437,854,Jahangir Ganj,exact_name
121,AMBEDKAR NAGAR,46046,SIRSIYA TIHAYATPUR,JAHANGIR GANJ,1437,854,Jahangir Ganj,exact_name
121,AMBEDKAR NAGAR,46048,TARAUNA BASGAON,JAHANGIR GANJ,1437,854,Jahangir Ganj,exact_name
121,AMBEDKAR NAGAR,46053,HEMRAJPUR,JAHANGIR GANJ,1437,854,Jahangir Ganj,exact_name
121,AMBEDKAR NAGAR,46054,VIJLEE  PANDAULI,JAHANGIR GANJ,1437,854,Jahangir Ganj,exact_name
121,AMBEDKAR NAGAR,269525,FARIDPUR,JALAL PUR,1438,855,Jalal Pur,exact_name
121,AMBEDKAR NAGAR,46059,ASHIPUR,JALAL PUR,1438,855,Jalal Pur,exact_name
121,AMBEDKAR NAGAR,46098,JALALPUR DEHAT,JALAL PUR,1438,855,Jalal Pur,exact_name
121,AMBEDKAR NAGAR,46099,JAMAULI,JALAL PUR,1438,855,Jalal Pur,exact_name
121,AMBEDKAR NAGAR,46152,VAJEEDPUR,JALAL PUR,1438,855,Jalal Pur,exact_name
121,AMBEDKAR NAGAR,270247,CHANDANPUR,RAM NAGAR,1440,857,Ram Nagar,exact_name
121,AMBEDKAR NAGAR,46297,NEWARI DURAJPUR,RAM NAGAR,1440,857,Ram Nagar,exact_name
121,AMBEDKAR NAGAR,271379,MEERANPUR BABHANPURA,TANDA,1441,858,Tanda,exact_name
121,AMBEDKAR NAGAR,46369,JIGNA,TANDA,1441,858,Tanda,exact_name
121,AMBEDKAR NAGAR,46375,KATARIYA,TANDA,1441,858,Tanda,exact_name
154,AMROHA,238570,Aaivzabad,AMROHA,1834,1252,Amroha,exact_name
154,AMROHA,238572,Ahroi,AMROHA,1834,1252,Amroha,exact_name
154,AMROHA,238573,Akbarpur Patti,AMROHA,1834,1252,Amroha,exact_name
154,AMROHA,238591,Daud Sarai,AMROHA,1834,1252,Amroha,exact_name
154,AMROHA,238610,Jalalpur Narayan,AMROHA,1834,1252,Amroha,exact_name
154,AMROHA,238632,Nazarpur Khurd,AMROHA,1834,1252,Amroha,exact_name
154,AMROHA,238633,Panju Sarai,AMROHA,1834,1252,Amroha,exact_name
154,AMROHA,238639,Raipur Kalan,AMROHA,1834,1252,Amroha,exact_name
154,AMROHA,238640,Rajjakpur,AMROHA,1834,1252,Amroha,exact_name
154,AMROHA,238902,Sabdalpur Sharki,HASANPUR,1838,1256,Hasanpur,exact_name
154,AMROHA,238903,Said Nagli,HASANPUR,1838,1256,Hasanpur,exact_name
154,AMROHA,265204,Mehdipur,HASANPUR,1838,1256,Hasanpur,exact_name
154,AMROHA,265778,Ikonda,HASANPUR,1838,1256,Hasanpur,exact_name
154,AMROHA,238919,Amroha Dehat,JOYA,1839,1257,Joya,exact_name
154,AMROHA,238943,Durgpur,JOYA,1839,1257,Joya,exact_name
154,AMROHA,238950,Guleriya,JOYA,1839,1257,Joya,exact_name
154,AMROHA,238984,Meera Sarai,JOYA,1839,1257,Joya,exact_name
154,AMROHA,238993,Pachokara Meharban Ali,JOYA,1839,1257,Joya,exact_name
154,AMROHA,238996,Pandki,JOYA,1839,1257,Joya,exact_name
154,AMROHA,239003,Raipur Khurd,JOYA,1839,1257,Joya,exact_name
154,AMROHA,239006,Rampur Ghana,JOYA,1839,1257,Joya,exact_name
154,AMROHA,239027,Umarpur,JOYA,1839,1257,Joya,exact_name
154,AMROHA,264075,KHALAKPUR KHURD,JOYA,1839,1257,Joya,exact_name
154,AMROHA,264751,HUSSAINPUR NEAR MAALIKHERA,JOYA,1839,1257,Joya,exact_name
154,AMROHA,265737,Masoodpur Nawada,JOYA,1839,1257,Joya,exact_name
140,AYODHYA,60839,AKMA,AMANIGANJ,1668,1086,Amaniganj,exact_name
140,AYODHYA,60846,BAVAN,AMANIGANJ,1668,1086,Amaniganj,exact_name
140,AYODHYA,60891,PITHLA,AMANIGANJ,1668,1086,Amaniganj,exact_name
140,AYODHYA,267669,abbusaray,MASODHA,1671,1089,Masodha,exact_name
140,AYODHYA,267727,VINAYAKPUR,MASODHA,1671,1089,Masodha,exact_name
140,AYODHYA,267784,PUREHUSAIN KHAN,MASODHA,1671,1089,Masodha,exact_name
140,AYODHYA,267791,SAMSUDDINPUR,MASODHA,1671,1089,Masodha,exact_name
140,AYODHYA,61026,BANVEERPUR,MASODHA,1671,1089,Masodha,exact_name
140,AYODHYA,61028,BHADARSA  BAHAR,MASODHA,1671,1089,Masodha,exact_name
140,AYODHYA,61032,CHANDPUR HARVANSH,MASODHA,1671,1089,Masodha,exact_name
140,AYODHYA,61035,DABHA SAMER,MASODHA,1671,1089,Masodha,exact_name
140,AYODHYA,61036,DOST PUR,MASODHA,1671,1089,Masodha,exact_name
140,AYODHYA,61040,GADDOO PUR,MASODHA,1671,1089,Masodha,exact_name
140,AYODHYA,61041,GANJA,MASODHA,1671,1089,Masodha,exact_name
140,AYODHYA,61045,HANSA PUR,MASODHA,1671,1089,Masodha,exact_name
140,AYODHYA,61049,JANAURA,MASODHA,1671,1089,Masodha,exact_name
140,AYODHYA,61051,KAIL,MASODHA,1671,1089,Masodha,exact_name
140,AYODHYA,61052,KALLYAN PUR BHADRASSA,MASODHA,1671,1089,Masodha,exact_name
140,AYODHYA,61055,KHOJANPUR,MASODHA,1671,1089,Masodha,exact_name
140,AYODHYA,61061,MALIKPUR,MASODHA,1671,1089,Masodha,exact_name
140,AYODHYA,61063,MAU YADUVANSPUR,MASODHA,1671,1089,Masodha,exact_name
140,AYODHYA,61064,MIRZAPUR MAFI,MASODHA,1671,1089,Masodha,exact_name
140,AYODHYA,61065,MIRZAPUR NIMAULI,MASODHA,1671,1089,Masodha,exact_name
140,AYODHYA,61068,NAIPURA,MASODHA,1671,1089,Masodha,exact_name
140,AYODHYA,61069,NANDI GRAM,MASODHA,1671,1089,Masodha,exact_name
140,AYODHYA,61070,PAHARGANJ,MASODHA,1671,1089,Masodha,exact_name
140,AYODHYA,61073,PALYA SHAHVADI,MASODHA,1671,1089,Masodha,exact_name
140,AYODHYA,61075,PIPRI,MASODHA,1671,1089,Masodha,exact_name
140,AYODHYA,61079,RAJAPUR MAFI,MASODHA,1671,1089,Masodha,exact_name
140,AYODHYA,61090,USRU,MASODHA,1671,1089,Masodha,exact_name
140,AYODHYA,52103,BIHARA,Mawai,1672,1090,Mawai,exact_name
140,AYODHYA,52140,SEDPUR,Mawai,1672,1090,Mawai,exact_name
140,AYODHYA,52141,SEMSI,Mawai,1672,1090,Mawai,exact_name
140,AYODHYA,52146,SUNWA,Mawai,1672,1090,Mawai,exact_name
140,AYODHYA,61221,SHIVNATH PUR,MILKIPUR,1674,1092,Milkipur,exact_name
140,AYODHYA,269337,HAIBATPUR,PURA BAZAR,1675,1093,Pura Bazar,exact_name
140,AYODHYA,269352,ASIFBAG,PURA BAZAR,1675,1093,Pura Bazar,exact_name
140,AYODHYA,61236,ASHAPUR,PURA BAZAR,1675,1093,Pura Bazar,exact_name
140,AYODHYA,61238,MAJHA BARETHA,PURA BAZAR,1675,1093,Pura Bazar,exact_name
140,AYODHYA,61241,BHIKHAPUR,PURA BAZAR,1675,1093,Pura Bazar,exact_name
140,AYODHYA,61245,DEVKALI,PURA BAZAR,1675,1093,Pura Bazar,exact_name
140,AYODHYA,61257,KUDHAKESHAVPUR,PURA BAZAR,1675,1093,Pura Bazar,exact_name
140,AYODHYA,61258,KUSMAHA,PURA BAZAR,1675,1093,Pura Bazar,exact_name
140,AYODHYA,61261,MAKHAKHAPUR,PURA BAZAR,1675,1093,Pura Bazar,exact_name
140,AYODHYA,61275,RANOPAALI,PURA BAZAR,1675,1093,Pura Bazar,exact_name
140,AYODHYA,61279,SAHINAWA,PURA BAZAR,1675,1093,Pura Bazar,exact_name
140,AYODHYA,61286,SHAHJAHANPUR,PURA BAZAR,1675,1093,Pura Bazar,exact_name
140,AYODHYA,61287,SHAHNEVAJPUR,PURA BAZAR,1675,1093,Pura Bazar,exact_name
140,AYODHYA,61292,TAKPURA,PURA BAZAR,1675,1093,Pura Bazar,exact_name
140,AYODHYA,52369,GOGAVA,RUDAULI,1536,954,Rudauli,exact_name
140,AYODHYA,52377,JALALPUR,RUDAULI,1536,954,Rudauli,exact_name
140,AYODHYA,52383,KARIMPUR,RUDAULI,1536,954,Rudauli,exact_name
140,AYODHYA,52384,KHAIRANPUR,RUDAULI,1536,954,Rudauli,exact_name
140,AYODHYA,52403,MOHMIDPUR,RUDAULI,1536,954,Rudauli,exact_name
140,AYODHYA,52417,SARAI HAMID,RUDAULI,1536,954,Rudauli,exact_name
140,AYODHYA,52421,SARAIPEER,RUDAULI,1536,954,Rudauli,exact_name
140,AYODHYA,52429,TIKAR,RUDAULI,1536,954,Rudauli,exact_name
140,AYODHYA,269574,SOHAWAL,SOHAWAL,1676,1094,Sohawal,exact_name
140,AYODHYA,269619,UCHITPUR,SOHAWAL,1676,1094,Sohawal,exact_name
140,AYODHYA,61317,KATRAULI,SOHAWAL,1676,1094,Sohawal,exact_name
140,AYODHYA,61318,KHIRAUNI,SOHAWAL,1676,1094,Sohawal,exact_name
140,AYODHYA,61337,SALHEPUR NIMAICHA,SOHAWAL,1676,1094,Sohawal,exact_name
140,AYODHYA,61339,SARA BISHUNPUR,SOHAWAL,1676,1094,Sohawal,exact_name
123,AZAMGARH,47035,JAMIN MEGHAI,AZMATGARH,1451,868,Azmatgarh,exact_name
123,AZAMGARH,47056,MASONA,AZMATGARH,1451,868,Azmatgarh,exact_name
123,AZAMGARH,271974,PATI BUJURG,BILARIYAGANJ,1452,869,Bilariyaganj,exact_name
123,AZAMGARH,271975,BASHIRPUR,BILARIYAGANJ,1452,869,Bilariyaganj,exact_name
123,AZAMGARH,271980,JAMIN PADARI,BILARIYAGANJ,1452,869,Bilariyaganj,exact_name
123,AZAMGARH,271981,SAHABUDDINPUR,BILARIYAGANJ,1452,869,Bilariyaganj,exact_name
123,AZAMGARH,47085,AKABARPUR,BILARIYAGANJ,1452,869,Bilariyaganj,exact_name
123,AZAMGARH,47087,ALAUDDIN PATTI,BILARIYAGANJ,1452,869,Bilariyaganj,exact_name
123,AZAMGARH,47089,ANDA KHOR,BILARIYAGANJ,1452,869,Bilariyaganj,exact_name
123,AZAMGARH,47092,BAGWAR,BILARIYAGANJ,1452,869,Bilariyaganj,exact_name
123,AZAMGARH,47095,BARIHARI,BILARIYAGANJ,1452,869,Bilariyaganj,exact_name
123,AZAMGARH,47101,BHAGATPUR,BILARIYAGANJ,1452,869,Bilariyaganj,exact_name
123,AZAMGARH,47107,BILARIYA GANJ  DEHAT,BILARIYAGANJ,1452,869,Bilariyaganj,exact_name
123,AZAMGARH,47110,CHHICHHORI,BILARIYAGANJ,1452,869,Bilariyaganj,exact_name
123,AZAMGARH,47111,CHHIHI,BILARIYAGANJ,1452,869,Bilariyaganj,exact_name
123,AZAMGARH,47112,DEORIA JAPTIMAFI,BILARIYAGANJ,1452,869,Bilariyaganj,exact_name
123,AZAMGARH,47116,DORJI DHAVRAHARA,BILARIYAGANJ,1452,869,Bilariyaganj,exact_name
123,AZAMGARH,47121,GADDOPUR,BILARIYAGANJ,1452,869,Bilariyaganj,exact_name
123,AZAMGARH,47125,GULWA GAURI,BILARIYAGANJ,1452,869,Bilariyaganj,exact_name
123,AZAMGARH,47127,HARIPUR,BILARIYAGANJ,1452,869,Bilariyaganj,exact_name
123,AZAMGARH,47128,HENGAIPUR,BILARIYAGANJ,1452,869,Bilariyaganj,exact_name
123,AZAMGARH,47130,ISMAILPUR GORIA,BILARIYAGANJ,1452,869,Bilariyaganj,exact_name
123,AZAMGARH,47131,JAGMALPUR,BILARIYAGANJ,1452,869,Bilariyaganj,exact_name
123,AZAMGARH,47132,JALALPUR,BILARIYAGANJ,1452,869,Bilariyaganj,exact_name
123,AZAMGARH,47140,KAKRAHI DULAR,BILARIYAGANJ,1452,869,Bilariyaganj,exact_name
123,AZAMGARH,47143,KHALISH PUR,BILARIYAGANJ,1452,869,Bilariyaganj,exact_name
123,AZAMGARH,47148,MADHNAPAR,BILARIYAGANJ,1452,869,Bilariyaganj,exact_name
123,AZAMGARH,47155,MOHAMMADPUR,BILARIYAGANJ,1452,869,Bilariyaganj,exact_name
123,AZAMGARH,47157,MOHIUDDINPUR II,BILARIYAGANJ,1452,869,Bilariyaganj,exact_name
123,AZAMGARH,47158,NASIRPUR,BILARIYAGANJ,1452,869,Bilariyaganj,exact_name
123,AZAMGARH,47162,PADARI PARAN PUR,BILARIYAGANJ,1452,869,Bilariyaganj,exact_name
123,AZAMGARH,47169,PIPRAHA DULIYAWAR,BILARIYAGANJ,1452,869,Bilariyaganj,exact_name
123,AZAMGARH,47173,SEKHUPUR,BILARIYAGANJ,1452,869,Bilariyaganj,exact_name
123,AZAMGARH,47174,SHANTI BASHEERPUR,BILARIYAGANJ,1452,869,Bilariyaganj,exact_name
123,AZAMGARH,47177,TENDUWA,BILARIYAGANJ,1452,869,Bilariyaganj,exact_name
123,AZAMGARH,47180,TURK PADARI,BILARIYAGANJ,1452,869,Bilariyaganj,exact_name
123,AZAMGARH,270615,CHAK SAH DARIYA,JAHANAGANJ,1454,871,Jahanaganj,exact_name
123,AZAMGARH,47265,BARAHATIR JAGDISHPUR,JAHANAGANJ,1454,871,Jahanaganj,exact_name
123,AZAMGARH,47298,MUSTAFABAD,JAHANAGANJ,1454,871,Jahanaganj,exact_name
123,AZAMGARH,47307,RAMPUR,JAHANAGANJ,1454,871,Jahanaganj,exact_name
123,AZAMGARH,47334,BHILAMPUR CHHAPARA,KOILSA,1455,872,Koilsa,exact_name
123,AZAMGARH,47337,BURHANPUR,KOILSA,1455,872,Koilsa,exact_name
123,AZAMGARH,47351,ISHWARPUR PAWNI,KOILSA,1455,872,Koilsa,exact_name
123,AZAMGARH,47360,KOILSA,KOILSA,1455,872,Koilsa,exact_name
123,AZAMGARH,47376,RAIPUR KHURASIN,KOILSA,1455,872,Koilsa,exact_name
123,AZAMGARH,47379,RANIPUR,KOILSA,1455,872,Koilsa,exact_name
123,AZAMGARH,47384,SHERWA,KOILSA,1455,872,Koilsa,exact_name
123,AZAMGARH,47390,USHUR KURHWA,KOILSA,1455,872,Koilsa,exact_name
123,AZAMGARH,272103,TIKAR GADH,LALGANJ,1456,873,Lalganj,exact_name
123,AZAMGARH,47412,CHAKIA BHAGWANPUR,LALGANJ,1456,873,Lalganj,exact_name
123,AZAMGARH,47444,MASERPUR,LALGANJ,1456,873,Lalganj,exact_name
123,AZAMGARH,47460,RETWA CHANDRA BHANPUR,LALGANJ,1456,873,Lalganj,exact_name
123,AZAMGARH,267739,ACHAIWAT,MAHRAJGANJ,1457,874,Mahrajganj,exact_name
123,AZAMGARH,47538,PARTAPPUR,MAHRAJGANJ,1457,874,Mahrajganj,exact_name
123,AZAMGARH,265405,Dariyapur,MARTINGANJ,1458,875,Martinganj,exact_name
123,AZAMGARH,47555,BANGAON,MARTINGANJ,1458,875,Martinganj,exact_name
123,AZAMGARH,47560,BELWANA,MARTINGANJ,1458,875,Martinganj,exact_name
123,AZAMGARH,47577,KAVRA GAHANI,MARTINGANJ,1458,875,Martinganj,exact_name
123,AZAMGARH,47591,MAHUJA NEWADA,MARTINGANJ,1458,875,Martinganj,exact_name
123,AZAMGARH,47594,NIKASIPUR,MARTINGANJ,1458,875,Martinganj,exact_name
123,AZAMGARH,47611,SURHAN,MARTINGANJ,1458,875,Martinganj,exact_name
124,BAGHPAT,48680,RATAUL,KHEKRA,1475,892,Khekra,exact_name
125,BAHRAICH,49000,AINY HATINSI,KAISARGANJ,1481,898,Kaisarganj,exact_name
125,BAHRAICH,49013,CHAK PIHANI,KAISARGANJ,1481,898,Kaisarganj,exact_name
125,BAHRAICH,49019,DIHAWA SHER BAHADUR SINGH,KAISARGANJ,1481,898,Kaisarganj,exact_name
125,BAHRAICH,49044,NAUGOHIA,KAISARGANJ,1481,898,Kaisarganj,exact_name
125,BAHRAICH,49048,PAWANA,KAISARGANJ,1481,898,Kaisarganj,exact_name
125,BAHRAICH,49051,RUKANAPUR KALAN,KAISARGANJ,1481,898,Kaisarganj,exact_name
125,BAHRAICH,49175,MIHI PURWA,MIHINPURWA,1483,900,Mihinpurwa,exact_name
125,BAHRAICH,266572,GOKULPUR,NAWABGANJ,1484,901,Nawabganj,exact_name
125,BAHRAICH,49224,KEVALPUR,NAWABGANJ,1484,901,Nawabganj,exact_name
125,BAHRAICH,49236,PANCHPAKARI,NAWABGANJ,1484,901,Nawabganj,exact_name
125,BAHRAICH,49360,NOOR PUR,PRAYAGPUR,1486,903,Payagpur,explicit_alias
125,BAHRAICH,49369,PAYAG PUR,PRAYAGPUR,1486,903,Payagpur,explicit_alias
125,BAHRAICH,49375,SACHAULI,PRAYAGPUR,1486,903,Payagpur,explicit_alias
126,BALLIA,272597,CHAK MANIYA,GARWAR,1497,914,Garwar,exact_name
126,BALLIA,49912,CHHATAWA,GARWAR,1497,914,Garwar,exact_name
126,BALLIA,49923,JIGNI JIGANHARA,GARWAR,1497,914,Garwar,exact_name
126,BALLIA,49944,RATSARH KHURD,GARWAR,1497,914,Garwar,exact_name
126,BALLIA,49945,RATSHAR KALAN,GARWAR,1497,914,Garwar,exact_name
126,BALLIA,272642,BHANDARI,NAGRA,1501,918,Nagra,exact_name
126,BALLIA,50093,CACHIYA,NAGRA,1501,918,Nagra,exact_name
126,BALLIA,50130,NAGRA,NAGRA,1501,918,Nagra,exact_name
127,BALRAMPUR,50631,GAINSARI,GAISRI,1510,927,Gaisri,exact_name
127,BALRAMPUR,50650,KHADGAURA,GAISRI,1510,927,Gaisri,exact_name
127,BALRAMPUR,50657,LATTHAWAR,GAISRI,1510,927,Gaisri,exact_name
127,BALRAMPUR,50665,MAJHAULI,GAISRI,1510,927,Gaisri,exact_name
127,BALRAMPUR,50691,SATHI,GAISRI,1510,927,Gaisri,exact_name
127,BALRAMPUR,50795,BARGADWA SAIF,PACHPEDWA,1512,929,Pachpedwa,exact_name
127,BALRAMPUR,50857,SISHANIA BARGADHI,PACHPEDWA,1512,929,Pachpedwa,exact_name
127,BALRAMPUR,51007,DAVIPATAN,TULSIPUR,1515,932,Tulsipur,exact_name
128,BANDA,51388,BARUWA SEODHA,MAHUVA,1522,939,Mahuva,exact_name
130,BAREILLY,268109,ABADANPUR,MAJHGAWAN,1551,969,Majhgawan,exact_name
130,BAREILLY,53375,BEHTA JANU,MAJHGAWAN,1551,969,Majhgawan,exact_name
130,BAREILLY,53416,NAGARIA SATAN,MAJHGAWAN,1551,969,Majhgawan,exact_name
130,BAREILLY,268537,YAKOOBPUR,NAWABGANJ,1553,971,Nawabganj,exact_name
130,BAREILLY,53503,BAHORE NAGLA,NAWABGANJ,1553,971,Nawabganj,exact_name
131,BASTI,53720,BIRU PUR,BAHADURPUR,1556,974,Bahadurpur,exact_name
131,BASTI,53724,DEVAPAR,BAHADURPUR,1556,974,Bahadurpur,exact_name
131,BASTI,53731,HARNAKHA,BAHADURPUR,1556,974,Bahadurpur,exact_name
131,BASTI,53757,NAGAR KHAS,BAHADURPUR,1556,974,Bahadurpur,exact_name
131,BASTI,53764,PHULVARIA BARGAH,BAHADURPUR,1556,974,Bahadurpur,exact_name
131,BASTI,53788,BARDAND,BANKATI,1557,975,Bankati,exact_name
131,BASTI,53798,BODAWAL,BANKATI,1557,975,Bankati,exact_name
131,BASTI,53816,JAGDISHPUR,BANKATI,1557,975,Bankati,exact_name
131,BASTI,53822,KEITHOORI,BANKATI,1557,975,Bankati,exact_name
131,BASTI,53841,MUNDERWA LOHADAR,BANKATI,1557,975,Bankati,exact_name
131,BASTI,53861,UOMRIAHRA,BANKATI,1557,975,Bankati,exact_name
131,BASTI,266631,Bandhua,BASTI,1558,976,Basti,exact_name
131,BASTI,266638,Majhariya,BASTI,1558,976,Basti,exact_name
131,BASTI,53863,BAKAINIYA  DEEP,BASTI,1558,976,Basti,exact_name
131,BASTI,53895,GANESHPUR,BASTI,1558,976,Basti,exact_name
131,BASTI,53947,TEMA,BASTI,1558,976,Basti,exact_name
131,BASTI,267443,SONHATI,GAUR,1560,978,Gaur,exact_name
131,BASTI,54032,CHETRA,GAUR,1560,978,Gaur,exact_name
131,BASTI,54083,SANTHUA,GAUR,1560,978,Gaur,exact_name
131,BASTI,54106,BHADASI,HARRAIYA,1561,979,Harraiya,exact_name
131,BASTI,54127,KARAMDAR,HARRAIYA,1561,979,Harraiya,exact_name
131,BASTI,54140,MAHU GHAT,HARRAIYA,1561,979,Harraiya,exact_name
131,BASTI,54172,THANA KHAS,HARRAIYA,1561,979,Harraiya,exact_name
131,BASTI,54183,BELSOR,KAPTANGANJ,1562,980,Kaptanganj,exact_name
131,BASTI,54188,DUBAULI  MISHR,KAPTANGANJ,1562,980,Kaptanganj,exact_name
131,BASTI,54194,KAKUA RAUT,KAPTANGANJ,1562,980,Kaptanganj,exact_name
131,BASTI,54196,KAPTANGANJ,KAPTANGANJ,1562,980,Kaptanganj,exact_name
131,BASTI,54207,MADANPURA,KAPTANGANJ,1562,980,Kaptanganj,exact_name
131,BASTI,54209,MAHUA MISHRA,KAPTANGANJ,1562,980,Kaptanganj,exact_name
131,BASTI,54214,NAKTI DEI BUJURG,KAPTANGANJ,1562,980,Kaptanganj,exact_name
131,BASTI,54219,PATKHAULI BABU,KAPTANGANJ,1562,980,Kaptanganj,exact_name
131,BASTI,54229,RANAJOT KALA,KAPTANGANJ,1562,980,Kaptanganj,exact_name
131,BASTI,54231,RATASI,KAPTANGANJ,1562,980,Kaptanganj,exact_name
131,BASTI,54261,GANA,KUDARAHA,1563,981,Kudaraha,exact_name
131,BASTI,54263,GAYGHAT,KUDARAHA,1563,981,Kudaraha,exact_name
131,BASTI,54291,PYAREPUR,KUDARAHA,1563,981,Kudaraha,exact_name
131,BASTI,267839,UKADA,RAMNAGAR,1565,983,Ramnagar,exact_name
131,BASTI,267840,PELNI,RAMNAGAR,1565,983,Ramnagar,exact_name
131,BASTI,267842,SISWA BZURUG,RAMNAGAR,1565,983,Ramnagar,exact_name
131,BASTI,54392,BAIDAULA,RAMNAGAR,1565,983,Ramnagar,exact_name
131,BASTI,54396,BANTIKRA,RAMNAGAR,1565,983,Ramnagar,exact_name
131,BASTI,54397,BANVADHIA,RAMNAGAR,1565,983,Ramnagar,exact_name
131,BASTI,54405,BHANPUR,RAMNAGAR,1565,983,Ramnagar,exact_name
131,BASTI,54416,JAGDEESHPUR URF NAUGARH,RAMNAGAR,1565,983,Ramnagar,exact_name
131,BASTI,54422,KHAIRA,RAMNAGAR,1565,983,Ramnagar,exact_name
131,BASTI,54452,SISWA KHURD,RAMNAGAR,1565,983,Ramnagar,exact_name
131,BASTI,267852,FERSUM,SALTAUA GOPAL PUR,1567,985,Saltaua Gopal Pur,exact_name
131,BASTI,54528,AAHAR,SALTAUA GOPAL PUR,1567,985,Saltaua Gopal Pur,exact_name
132,BIJNOR,266630,SHABAZPUR KHANA,HALDAUR(KHARI JHALU),1573,991,Haldaur(Khari Jhalu),exact_name
132,BIJNOR,54981,FATEHPUR NOABAD,HALDAUR(KHARI JHALU),1573,991,Haldaur(Khari Jhalu),exact_name
132,BIJNOR,55006,KADAPUR URF LADAPUR,HALDAUR(KHARI JHALU),1573,991,Haldaur(Khari Jhalu),exact_name
132,BIJNOR,55012,MUKARPUR KHEMA,HALDAUR(KHARI JHALU),1573,991,Haldaur(Khari Jhalu),exact_name
132,BIJNOR,55027,RAMPUR BAKLI,HALDAUR(KHARI JHALU),1573,991,Haldaur(Khari Jhalu),exact_name
133,BUDAUN,55876,DAHGAWAN,DAHGAVAN,1584,1002,Dahgavan,exact_name
134,BULANDSHAHR,259789,AMIRPUR BANGAR,SIKANDRABAD,1612,1030,Sikandrabad,exact_name
134,BULANDSHAHR,259792,BELANA,SIKANDRABAD,1612,1030,Sikandrabad,exact_name
134,BULANDSHAHR,259794,CHOUKI,SIKANDRABAD,1612,1030,Sikandrabad,exact_name
134,BULANDSHAHR,259797,GADHANA,SIKANDRABAD,1612,1030,Sikandrabad,exact_name
134,BULANDSHAHR,259801,JHAJHAR,SIKANDRABAD,1612,1030,Sikandrabad,exact_name
136,CHITRAKOOT,266660,Ahmadganj,KARWI,1624,1042,Karwi,exact_name
136,CHITRAKOOT,58248,CHITARA GOKULPUR,KARWI,1624,1042,Karwi,exact_name
136,CHITRAKOOT,58274,KHOHI,KARWI,1624,1042,Karwi,exact_name
136,CHITRAKOOT,58415,MAU MUSTKIL,MAU,1626,1044,Mau,exact_name
136,CHITRAKOOT,58463,CHHILLI RAKAS BANGER,PAHARI,1627,1045,Pahari,exact_name
136,CHITRAKOOT,58533,KHATAWARA,RAMNAGAR,1628,1046,Ramnagar,exact_name
136,CHITRAKOOT,58537,PARAKON,RAMNAGAR,1628,1046,Ramnagar,exact_name
137,DEORIA,265841,ITWA,BAITALPUR,1629,1047,Baitalpur,exact_name
137,DEORIA,266719,RUCHAPAR,BAITALPUR,1629,1047,Baitalpur,exact_name
137,DEORIA,266730,MUKUNDPUR,BAITALPUR,1629,1047,Baitalpur,exact_name
137,DEORIA,272172,GOVINDPUR,BAITALPUR,1629,1047,Baitalpur,exact_name
137,DEORIA,58554,BADHAYA,BAITALPUR,1629,1047,Baitalpur,exact_name
137,DEORIA,58555,BAITALPUR,BAITALPUR,1629,1047,Baitalpur,exact_name
137,DEORIA,58560,BARARI-I,BAITALPUR,1629,1047,Baitalpur,exact_name
137,DEORIA,58567,BELAHI TIVARI,BAITALPUR,1629,1047,Baitalpur,exact_name
137,DEORIA,58574,VISHUNPURA,BAITALPUR,1629,1047,Baitalpur,exact_name
137,DEORIA,58583,GUDARI,BAITALPUR,1629,1047,Baitalpur,exact_name
137,DEORIA,58590,JUNGLE SAHAJAULI,BAITALPUR,1629,1047,Baitalpur,exact_name
137,DEORIA,58601,MEHRA,BAITALPUR,1629,1047,Baitalpur,exact_name
137,DEORIA,267351,UTTAR MOHAW,BARHAJ,1631,1049,Barhaj,exact_name
137,DEORIA,58723,LAVARACHHI,BARHAJ,1631,1049,Barhaj,exact_name
137,DEORIA,58727,MOHAVN,BARHAJ,1631,1049,Barhaj,exact_name
137,DEORIA,58733,PACHAUHA,BARHAJ,1631,1049,Barhaj,exact_name
137,DEORIA,269027,TARKULAHA,BHALUANI,1633,1051,Bhaluani,exact_name
137,DEORIA,269029,PATHKHAULI,BHALUANI,1633,1051,Bhaluani,exact_name
137,DEORIA,269039,JARAR RAMMAN,BHALUANI,1633,1051,Bhaluani,exact_name
137,DEORIA,269044,THAKUR DEORIA,BHALUANI,1633,1051,Bhaluani,exact_name
137,DEORIA,58810,BHALUANI,BHALUANI,1633,1051,Bhaluani,exact_name
137,DEORIA,58816,DUMARI,BHALUANI,1633,1051,Bhaluani,exact_name
137,DEORIA,58823,JARAR MANIK,BHALUANI,1633,1051,Bhaluani,exact_name
137,DEORIA,58852,PHULVARIA LALA,BHALUANI,1633,1051,Bhaluani,exact_name
137,DEORIA,58860,SHIVDHARIA,BHALUANI,1633,1051,Bhaluani,exact_name
137,DEORIA,58992,BABHANI..,DEORIA SADAR,1636,1054,Deoria Sadar,exact_name
137,DEORIA,58993,BADAHARA,DEORIA SADAR,1636,1054,Deoria Sadar,exact_name
137,DEORIA,59015,DANOPUR,DEORIA SADAR,1636,1054,Deoria Sadar,exact_name
137,DEORIA,59016,DEORIA KHAS,DEORIA SADAR,1636,1054,Deoria Sadar,exact_name
137,DEORIA,59019,DHANAUTI KHURD,DEORIA SADAR,1636,1054,Deoria Sadar,exact_name
137,DEORIA,59026,KATARARI,DEORIA SADAR,1636,1054,Deoria Sadar,exact_name
137,DEORIA,59027,KATHINHIA,DEORIA SADAR,1636,1054,Deoria Sadar,exact_name
137,DEORIA,59041,MUDADIH,DEORIA SADAR,1636,1054,Deoria Sadar,exact_name
137,DEORIA,59047,PAGARA URF PARASIA,DEORIA SADAR,1636,1054,Deoria Sadar,exact_name
137,DEORIA,59054,PARASIA URF KHARJARVA,DEORIA SADAR,1636,1054,Deoria Sadar,exact_name
137,DEORIA,59057,PIDARA,DEORIA SADAR,1636,1054,Deoria Sadar,exact_name
137,DEORIA,59058,PIPARPATTI,DEORIA SADAR,1636,1054,Deoria Sadar,exact_name
137,DEORIA,59060,RAGHAVAPUR,DEORIA SADAR,1636,1054,Deoria Sadar,exact_name
137,DEORIA,59063,SAKARAPAR,DEORIA SADAR,1636,1054,Deoria Sadar,exact_name
137,DEORIA,59068,SONDA,DEORIA SADAR,1636,1054,Deoria Sadar,exact_name
137,DEORIA,59072,TILAI BELVA,DEORIA SADAR,1636,1054,Deoria Sadar,exact_name
137,DEORIA,59080,BHUJAULI,DESAI DEORIA,1637,1055,Desai Deoria,exact_name
137,DEORIA,59087,DUMARI EKHLAKH,DESAI DEORIA,1637,1055,Desai Deoria,exact_name
137,DEORIA,59092,HETIMPUR,DESAI DEORIA,1637,1055,Desai Deoria,exact_name
137,DEORIA,59097,KOTWA,DESAI DEORIA,1637,1055,Desai Deoria,exact_name
137,DEORIA,59100,MUNDERA CHAND,DESAI DEORIA,1637,1055,Desai Deoria,exact_name
137,DEORIA,270448,KUCHAYA,PATHAR DEWA,1640,1058,Pathar Dewa,exact_name
137,DEORIA,270456,MACHHAILA,PATHAR DEWA,1640,1058,Pathar Dewa,exact_name
137,DEORIA,59263,BHELIPATTI,PATHAR DEWA,1640,1058,Pathar Dewa,exact_name
137,DEORIA,59270,FARENDHA,PATHAR DEWA,1640,1058,Pathar Dewa,exact_name
137,DEORIA,59285,MAHUARI,PATHAR DEWA,1640,1058,Pathar Dewa,exact_name
137,DEORIA,59301,PATHARDEWA,PATHAR DEWA,1640,1058,Pathar Dewa,exact_name
137,DEORIA,59312,SIDHAVE,PATHAR DEWA,1640,1058,Pathar Dewa,exact_name
137,DEORIA,59326,BHIMPUR,RAMPUR KARKHANA,1641,1059,Rampur Karkhana,exact_name
137,DEORIA,59333,AMBARPUR URF JATAMALPUR,RAMPUR KARKHANA,1641,1059,Rampur Karkhana,exact_name
137,DEORIA,271037,MATHIA TIWARI,RUDRAPUR,1642,1060,Rudrapur,exact_name
137,DEORIA,59404,KEOTALIA,RUDRAPUR,1642,1060,Rudrapur,exact_name
137,DEORIA,59410,MADANPUR,RUDRAPUR,1642,1060,Rudrapur,exact_name
137,DEORIA,59429,PAUHARIA,RUDRAPUR,1642,1060,Rudrapur,exact_name
137,DEORIA,59432,RAMAIPUR,RUDRAPUR,1642,1060,Rudrapur,exact_name
137,DEORIA,59441,VISAMBHARPUR GANYARI,RUDRAPUR,1642,1060,Rudrapur,exact_name
137,DEORIA,241736,JAMUNI,TARKALUA,1644,1062,Tarkalua,exact_name
137,DEORIA,241739,KANAKPURA,TARKALUA,1644,1062,Tarkalua,exact_name
137,DEORIA,241745,LAXMIPUR,TARKALUA,1644,1062,Tarkalua,exact_name
137,DEORIA,241762,SIRASIYA PATTI HUSAIN,TARKALUA,1644,1062,Tarkalua,exact_name
137,DEORIA,241766,TARKULVA,TARKALUA,1644,1062,Tarkalua,exact_name
137,DEORIA,271069,BALPUR SHRINAGAR,TARKALUA,1644,1062,Tarkalua,exact_name
137,DEORIA,271070,PARSAUNI,TARKALUA,1644,1062,Tarkalua,exact_name
138,ETAH,265493,SARAI BOOLEY KHAN,MAREHRA,1652,1070,Marehra,exact_name
138,ETAH,59952,BADHAULI,MAREHRA,1652,1070,Marehra,exact_name
138,ETAH,59961,FATEHPUR MAFI,MAREHRA,1652,1070,Marehra,exact_name
138,ETAH,59970,JARTHAL,MAREHRA,1652,1070,Marehra,exact_name
138,ETAH,59971,JINHAIRA,MAREHRA,1652,1070,Marehra,exact_name
138,ETAH,59976,KUTAINA MAFI,MAREHRA,1652,1070,Marehra,exact_name
138,ETAH,59981,MIRHECHI,MAREHRA,1652,1070,Marehra,exact_name
139,ETAWAH,266417,INDHAUA,BARHPURA,1660,1078,Barhpura,exact_name
139,ETAWAH,60458,FUFAI,BARHPURA,1660,1078,Barhpura,exact_name
141,FARRUKHABAD,61532,PATTI MADARI,KAIMGANJ,1679,1097,Kaimganj,exact_name
141,FARRUKHABAD,61657,ARJUNPUR,MOHAMDABAD,1681,1099,Mohamdabad,exact_name
141,FARRUKHABAD,61677,HAMIR KHERA,MOHAMDABAD,1681,1099,Mohamdabad,exact_name
141,FARRUKHABAD,61686,KANHEPUR,MOHAMDABAD,1681,1099,Mohamdabad,exact_name
141,FARRUKHABAD,61691,KHIMSOY PUR,MOHAMDABAD,1681,1099,Mohamdabad,exact_name
141,FARRUKHABAD,61696,MADANPUR,MOHAMDABAD,1681,1099,Mohamdabad,exact_name
141,FARRUKHABAD,61699,MERAPUR,MOHAMDABAD,1681,1099,Mohamdabad,exact_name
141,FARRUKHABAD,61705,NAGLABAG RATHAURA,MOHAMDABAD,1681,1099,Mohamdabad,exact_name
141,FARRUKHABAD,61706,NANDSA,MOHAMDABAD,1681,1099,Mohamdabad,exact_name
141,FARRUKHABAD,61710,PAMAR KHIRIA,MOHAMDABAD,1681,1099,Mohamdabad,exact_name
141,FARRUKHABAD,61715,PUNPAL PUR,MOHAMDABAD,1681,1099,Mohamdabad,exact_name
141,FARRUKHABAD,61721,SANKISA BASANTPUR,MOHAMDABAD,1681,1099,Mohamdabad,exact_name
141,FARRUKHABAD,61722,SEYOGANPUR,MOHAMDABAD,1681,1099,Mohamdabad,exact_name
141,FARRUKHABAD,61729,SITHAULI,MOHAMDABAD,1681,1099,Mohamdabad,exact_name
141,FARRUKHABAD,266841,SIKANDER PUR MAJRA NAHROSA,NAWABGANJ,1682,1100,Nawabganj,exact_name
141,FARRUKHABAD,266878,RAYPUR,NAWABGANJ,1682,1100,Nawabganj,exact_name
141,FARRUKHABAD,266912,CHANDNI,NAWABGANJ,1682,1100,Nawabganj,exact_name
141,FARRUKHABAD,61743,BARTAL,NAWABGANJ,1682,1100,Nawabganj,exact_name
141,FARRUKHABAD,61754,GANIPUR JOGPUR,NAWABGANJ,1682,1100,Nawabganj,exact_name
141,FARRUKHABAD,61789,SIRMORA BANGAR,NAWABGANJ,1682,1100,Nawabganj,exact_name
142,FATEHPUR,270972,DHARMDASPUR,AIRAYAN,1685,1103,Airayan,exact_name
142,FATEHPUR,61960,CHITAULI,AIRAYAN,1685,1103,Airayan,exact_name
142,FATEHPUR,61961,DAYALPUR,AIRAYAN,1685,1103,Airayan,exact_name
142,FATEHPUR,61965,HARDOAN,AIRAYAN,1685,1103,Airayan,exact_name
142,FATEHPUR,61986,SARSAI BUZURG,AIRAYAN,1685,1103,Airayan,exact_name
142,FATEHPUR,61990,SUJARAHI,AIRAYAN,1685,1103,Airayan,exact_name
142,FATEHPUR,62057,ASOTHAR,ASOTHAR,1687,1105,Asothar,exact_name
142,FATEHPUR,62060,BAUNDAR,ASOTHAR,1687,1105,Asothar,exact_name
142,FATEHPUR,62089,PREM MAU KATRA,ASOTHAR,1687,1105,Asothar,exact_name
142,FATEHPUR,270923,Shahjahanpur Khalsa,DEVMAI,1690,1108,Devmai,exact_name
142,FATEHPUR,62232,AKBARPUR NASIRPUR,DEVMAI,1690,1108,Devmai,exact_name
142,FATEHPUR,62253,IBRAHIMPUR DANDA,DEVMAI,1690,1108,Devmai,exact_name
142,FATEHPUR,62308,BHULA,DHATA,1691,1109,Dhata,exact_name
142,FATEHPUR,62323,KALAYANPUR KACHARAULI,DHATA,1691,1109,Dhata,exact_name
142,FATEHPUR,62324,KARIKAN  DHATA,DHATA,1691,1109,Dhata,exact_name
142,FATEHPUR,62334,NARSINGHPUR KABRAHA,DHATA,1691,1109,Dhata,exact_name
142,FATEHPUR,270979,Tilakpur,VIJAYIPUR,1697,1115,Vijayipur,exact_name
142,FATEHPUR,62685,CHACHINDA,VIJAYIPUR,1697,1115,Vijayipur,exact_name
142,FATEHPUR,62686,DARIYA MAU,VIJAYIPUR,1697,1115,Vijayipur,exact_name
142,FATEHPUR,62696,KHAKHARERU,VIJAYIPUR,1697,1115,Vijayipur,exact_name
142,FATEHPUR,62702,LAUKIYAPUR,VIJAYIPUR,1697,1115,Vijayipur,exact_name
142,FATEHPUR,62712,RAKSHAPAL PUR,VIJAYIPUR,1697,1115,Vijayipur,exact_name
142,FATEHPUR,62717,SALVAN,VIJAYIPUR,1697,1115,Vijayipur,exact_name
142,FATEHPUR,62724,SUJANIPUR,VIJAYIPUR,1697,1115,Vijayipur,exact_name
143,FIROZABAD,264872,BILTIGARH RAGHOL,HATHWANT,1701,1119,Hathwant,exact_name
143,FIROZABAD,62907,BILTIGARHDEVJIT,HATHWANT,1701,1119,Hathwant,exact_name
143,FIROZABAD,63158,JIJAULI,SHIKOHABAD,1705,1123,Shikohabad,exact_name
143,FIROZABAD,63162,MAKHANPUR,SHIKOHABAD,1705,1123,Shikohabad,exact_name
143,FIROZABAD,63167,MOHAMMDPUR NAWADA,SHIKOHABAD,1705,1123,Shikohabad,exact_name
144,GAUTAM BUDDHA NAGAR,265861,Allauddinpur urf Dhudhera,JEWAR,1710,1128,Jewar,exact_name
144,GAUTAM BUDDHA NAGAR,274241,ALI AHMADPUR URF GARHI,JEWAR,1710,1128,Jewar,exact_name
144,GAUTAM BUDDHA NAGAR,274242,BALLABNAGAR URF KARROL BANGAR,JEWAR,1710,1128,Jewar,exact_name
144,GAUTAM BUDDHA NAGAR,63419,CHANCHALI,JEWAR,1710,1128,Jewar,exact_name
144,GAUTAM BUDDHA NAGAR,63433,MOHVALIPUR,JEWAR,1710,1128,Jewar,exact_name
144,GAUTAM BUDDHA NAGAR,63444,RAMPUR BANGER,JEWAR,1710,1128,Jewar,exact_name
145,GHAZIABAD,239121,BEGMABAD BUDANA,BHOJPUR,1711,1129,Bhojpur,exact_name
145,GHAZIABAD,239122,BISOKHAR,BHOJPUR,1711,1129,Bhojpur,exact_name
145,GHAZIABAD,63490,QUADRABAD,BHOJPUR,1711,1129,Bhojpur,exact_name
145,GHAZIABAD,63498,SIKRI KHURD,BHOJPUR,1711,1129,Bhojpur,exact_name
145,GHAZIABAD,268532,HAQIQATPUR URF KHUDAWAS,LONI,1715,1133,Loni,exact_name
145,GHAZIABAD,268558,ILAICHIPUR,LONI,1715,1133,Loni,exact_name
145,GHAZIABAD,268568,SADABAD DUGRAVALI,LONI,1715,1133,Loni,exact_name
145,GHAZIABAD,63676,AGRAULA,LONI,1715,1133,Loni,exact_name
145,GHAZIABAD,63680,BANTHLA,LONI,1715,1133,Loni,exact_name
145,GHAZIABAD,63683,JAVLI,LONI,1715,1133,Loni,exact_name
145,GHAZIABAD,63684,KHANPUR JAPTI,LONI,1715,1133,Loni,exact_name
145,GHAZIABAD,63694,NISTAULI,LONI,1715,1133,Loni,exact_name
145,GHAZIABAD,63698,SIKHRANI,LONI,1715,1133,Loni,exact_name
145,GHAZIABAD,63700,TILA SHAHBAZPUR,LONI,1715,1133,Loni,exact_name
145,GHAZIABAD,268622,SAHBISWA,MURADNAGAR,1716,1134,Muradnagar,exact_name
145,GHAZIABAD,63703,ASALAT NAGAR,MURADNAGAR,1716,1134,Muradnagar,exact_name
145,GHAZIABAD,63715,JALALPUR RAGHUNATHPUR,MURADNAGAR,1716,1134,Muradnagar,exact_name
145,GHAZIABAD,63737,SARNA MURAD NAGAR,MURADNAGAR,1716,1134,Muradnagar,exact_name
145,GHAZIABAD,63767,SIKRI KALAN,RAJAPUR,1717,1135,Rajapur,exact_name
147,GONDA,64942,BARSADA,BELSAR,1736,1154,Belsar,exact_name
147,GONDA,64943,BELSAR,BELSAR,1736,1154,Belsar,exact_name
147,GONDA,64945,CHANDPUR,BELSAR,1736,1154,Belsar,exact_name
147,GONDA,64947,DEVERDA,BELSAR,1736,1154,Belsar,exact_name
147,GONDA,64967,MUJJER,BELSAR,1736,1154,Belsar,exact_name
147,GONDA,64973,PARSADA,BELSAR,1736,1154,Belsar,exact_name
147,GONDA,65094,KADIPUR,COLONELGANJ,1738,1156,Colonelganj,exact_name
147,GONDA,65096,KARUWA,COLONELGANJ,1738,1156,Colonelganj,exact_name
147,GONDA,65340,BABUPUR,KATRA BAZAR,1742,1160,Katra Bazar,exact_name
147,GONDA,65346,BEERPUR KATRA,KATRA BAZAR,1742,1160,Katra Bazar,exact_name
147,GONDA,65353,CHARERA,KATRA BAZAR,1742,1160,Katra Bazar,exact_name
147,GONDA,65377,MAJHAUWA,KATRA BAZAR,1742,1160,Katra Bazar,exact_name
147,GONDA,65495,DHANEPUR,MUJEHANA,1744,1162,Mujehana,exact_name
147,GONDA,65508,KHEER BHARI,MUJEHANA,1744,1162,Mujehana,exact_name
147,GONDA,65512,MADHAV GANJ,MUJEHANA,1744,1162,Mujehana,exact_name
147,GONDA,65517,MUJEHNA,MUJEHANA,1744,1162,Mujehana,exact_name
147,GONDA,65818,DHODHEPUR,TARABGANJ,1749,1167,Tarabganj,exact_name
147,GONDA,65833,KATAHA,TARABGANJ,1749,1167,Tarabganj,exact_name
147,GONDA,65845,RAMAPUR,TARABGANJ,1749,1167,Tarabganj,exact_name
147,GONDA,65849,RETADAL SINGH,TARABGANJ,1749,1167,Tarabganj,exact_name
147,GONDA,65852,SEMARA,TARABGANJ,1749,1167,Tarabganj,exact_name
148,GORAKHPUR,65996,BEILI,BARHALGANJ,1752,1170,Barhalganj,exact_name
148,GORAKHPUR,66015,KODARI,BARHALGANJ,1752,1170,Barhalganj,exact_name
148,GORAKHPUR,66186,SONRAIECH URF BARAGAON,BHATHAT,1754,1172,Bhathat,exact_name
148,GORAKHPUR,66255,BAGAHI BHARI,CAMPIERGANJ,1756,1174,Campierganj,exact_name
148,GORAKHPUR,66259,BANBHAGALPUR,CAMPIERGANJ,1756,1174,Campierganj,exact_name
148,GORAKHPUR,66265,BASANTPUR,CAMPIERGANJ,1756,1174,Campierganj,exact_name
148,GORAKHPUR,66270,CAMPIERNAGAR,CAMPIERGANJ,1756,1174,Campierganj,exact_name
148,GORAKHPUR,66271,CHAUMUKHA,CAMPIERGANJ,1756,1174,Campierganj,exact_name
148,GORAKHPUR,66281,JANAKPUR,CAMPIERGANJ,1756,1174,Campierganj,exact_name
148,GORAKHPUR,66282,JANGAL AGAHI,CAMPIERGANJ,1756,1174,Campierganj,exact_name
148,GORAKHPUR,66283,JANGAL BIHULI,CAMPIERGANJ,1756,1174,Campierganj,exact_name
148,GORAKHPUR,66284,JANGAL JHAJHWA,CAMPIERGANJ,1756,1174,Campierganj,exact_name
148,GORAKHPUR,66316,SAHBGANJ,CAMPIERGANJ,1756,1174,Campierganj,exact_name
148,GORAKHPUR,66335,GULARIHA OF CHARGAWAN,CHARGAWAN,1757,1175,Chargawan,exact_name
148,GORAKHPUR,66336,HARSEWAKPUR NO.2,CHARGAWAN,1757,1175,Chargawan,exact_name
148,GORAKHPUR,66341,JANGL BAHADUR ALI,CHARGAWAN,1757,1175,Chargawan,exact_name
148,GORAKHPUR,66344,JANGL HAKEEM NO2,CHARGAWAN,1757,1175,Chargawan,exact_name
148,GORAKHPUR,66346,JANGL TINKONIA NO1,CHARGAWAN,1757,1175,Chargawan,exact_name
148,GORAKHPUR,66351,KARMAHA URF KAMHRIA,CHARGAWAN,1757,1175,Chargawan,exact_name
148,GORAKHPUR,66355,MUDILA URF MUNDERA,CHARGAWAN,1757,1175,Chargawan,exact_name
148,GORAKHPUR,66358,NARUDDIN CHAK,CHARGAWAN,1757,1175,Chargawan,exact_name
148,GORAKHPUR,271697,Bhiti,GOLA,1759,1177,Gola,exact_name
148,GORAKHPUR,66443,ATRAURA,GOLA,1759,1177,Gola,exact_name
148,GORAKHPUR,66445,BANKATA,GOLA,1759,1177,Gola,exact_name
148,GORAKHPUR,66453,BEVARI,GOLA,1759,1177,Gola,exact_name
148,GORAKHPUR,66454,BHADSARA,GOLA,1759,1177,Gola,exact_name
148,GORAKHPUR,66458,BISARA,GOLA,1759,1177,Gola,exact_name
148,GORAKHPUR,66469,DEVAKALI,GOLA,1759,1177,Gola,exact_name
148,GORAKHPUR,66476,GHORA LOTAN,GOLA,1759,1177,Gola,exact_name
148,GORAKHPUR,66477,GODHASARI,GOLA,1759,1177,Gola,exact_name
148,GORAKHPUR,66478,GOPALPUR,GOLA,1759,1177,Gola,exact_name
148,GORAKHPUR,66489,MANNIPUR,GOLA,1759,1177,Gola,exact_name
148,GORAKHPUR,66506,RANIPUR,GOLA,1759,1177,Gola,exact_name
148,GORAKHPUR,66511,SUARAJ BUJURG,GOLA,1759,1177,Gola,exact_name
148,GORAKHPUR,66548,HARPUR,JANGAL KAUDIA,1760,1178,Jangal Kaudia,exact_name
148,GORAKHPUR,66557,KOLHUA,JANGAL KAUDIA,1760,1178,Jangal Kaudia,exact_name
148,GORAKHPUR,66593,TIGHARA,JANGAL KAUDIA,1760,1178,Jangal Kaudia,exact_name
148,GORAKHPUR,271721,Sendulee Benduli,KHORABAR,1763,1181,Khorabar,exact_name
148,GORAKHPUR,66730,BARGO OF KHORABAR,KHORABAR,1763,1181,Khorabar,exact_name
148,GORAKHPUR,66731,BHARWALIA BUZURG,KHORABAR,1763,1181,Khorabar,exact_name
148,GORAKHPUR,66738,GAIGHAT BUJURG,KHORABAR,1763,1181,Khorabar,exact_name
148,GORAKHPUR,66747,JANGALSIKARI,KHORABAR,1763,1181,Khorabar,exact_name
148,GORAKHPUR,66749,JHARWA,KHORABAR,1763,1181,Khorabar,exact_name
148,GORAKHPUR,66752,KAJAKPUR,KHORABAR,1763,1181,Khorabar,exact_name
148,GORAKHPUR,66753,KHORABAR URF SOOBABAZAR,KHORABAR,1763,1181,Khorabar,exact_name
148,GORAKHPUR,66767,RAMPUR (KA),KHORABAR,1763,1181,Khorabar,exact_name
148,GORAKHPUR,66771,SEMARADEVI  PRASAD,KHORABAR,1763,1181,Khorabar,exact_name
148,GORAKHPUR,66774,SIKTAUR,KHORABAR,1763,1181,Khorabar,exact_name
148,GORAKHPUR,66786,BHAROHIA,PALI,1764,1182,Pali,exact_name
148,GORAKHPUR,66791,BIJAUWA,PALI,1764,1182,Pali,exact_name
148,GORAKHPUR,66792,BISARI,PALI,1764,1182,Pali,exact_name
148,GORAKHPUR,66798,DUMARI,PALI,1764,1182,Pali,exact_name
148,GORAKHPUR,66799,GHAGHSARA,PALI,1764,1182,Pali,exact_name
148,GORAKHPUR,66802,JAGDISHPUR URF GAHI,PALI,1764,1182,Pali,exact_name
148,GORAKHPUR,66811,MANJHRIA,PALI,1764,1182,Pali,exact_name
148,GORAKHPUR,66822,PANIKA,PALI,1764,1182,Pali,exact_name
148,GORAKHPUR,66833,THARUWAPAR,PALI,1764,1182,Pali,exact_name
148,GORAKHPUR,271734,Khajhawa,PIPRAICH,1765,1183,Pipraich,exact_name
148,GORAKHPUR,66855,HARKHAPUR,PIPRAICH,1765,1183,Pipraich,exact_name
148,GORAKHPUR,66877,MUNDERI GARDHWA,PIPRAICH,1765,1183,Pipraich,exact_name
148,GORAKHPUR,66880,PIPARA MUGLAN,PIPRAICH,1765,1183,Pipraich,exact_name
148,GORAKHPUR,66888,RITHIA,PIPRAICH,1765,1183,Pipraich,exact_name
148,GORAKHPUR,66892,SIDHAWAL,PIPRAICH,1765,1183,Pipraich,exact_name
148,GORAKHPUR,67022,BAL BUJURG,SARDARNAGAR,1768,1186,Sardarnagar,exact_name
148,GORAKHPUR,67023,BAL KHURD,SARDARNAGAR,1768,1186,Sardarnagar,exact_name
148,GORAKHPUR,67029,BHAGWAN PUR,SARDARNAGAR,1768,1186,Sardarnagar,exact_name
148,GORAKHPUR,67034,BHOPA BAZAR,SARDARNAGAR,1768,1186,Sardarnagar,exact_name
148,GORAKHPUR,67038,CHAURA,SARDARNAGAR,1768,1186,Sardarnagar,exact_name
148,GORAKHPUR,67058,RAGHO PUR,SARDARNAGAR,1768,1186,Sardarnagar,exact_name
148,GORAKHPUR,272097,Belaspur,URUWA,1769,1187,Uruwa,exact_name
148,GORAKHPUR,67071,AMAUDRA,URUWA,1769,1187,Uruwa,exact_name
148,GORAKHPUR,67075,BANKAT,URUWA,1769,1187,Uruwa,exact_name
148,GORAKHPUR,67086,BIRAI BUJURG,URUWA,1769,1187,Uruwa,exact_name
148,GORAKHPUR,67088,CHACHAI RAM,URUWA,1769,1187,Uruwa,exact_name
148,GORAKHPUR,67113,MARWATIA,URUWA,1769,1187,Uruwa,exact_name
148,GORAKHPUR,67120,NAKAUJHA,URUWA,1769,1187,Uruwa,exact_name
148,GORAKHPUR,67122,PACHAUHA,URUWA,1769,1187,Uruwa,exact_name
148,GORAKHPUR,67134,RAIEPUR,URUWA,1769,1187,Uruwa,exact_name
148,GORAKHPUR,67153,URUWA,URUWA,1769,1187,Uruwa,exact_name
150,HARDOI,272361,SARAI SAIF,BHARKHANI,1781,1199,Bharkhani,exact_name
150,HARDOI,272510,GARHICHAND KHAN,SHAHABAD,1792,1210,Shahabad,exact_name
150,HARDOI,272515,LALPUR,SHAHABAD,1792,1210,Shahabad,exact_name
150,HARDOI,68347,JATPURA,SHAHABAD,1792,1210,Shahabad,exact_name
150,HARDOI,68357,MANGLIPUR,SHAHABAD,1792,1210,Shahabad,exact_name
150,HARDOI,68358,MANIKAPUR BABUHAI,SHAHABAD,1792,1210,Shahabad,exact_name
150,HARDOI,68359,MISHRIPUR,SHAHABAD,1792,1210,Shahabad,exact_name
150,HARDOI,68363,NAGLA GANESH,SHAHABAD,1792,1210,Shahabad,exact_name
150,HARDOI,68364,NAGLA KALLU,SHAHABAD,1792,1210,Shahabad,exact_name
150,HARDOI,68366,NAGLA LOTHU,SHAHABAD,1792,1210,Shahabad,exact_name
150,HARDOI,68380,SHAHABAD DEHAT,SHAHABAD,1792,1210,Shahabad,exact_name
150,HARDOI,68384,SIKANDARPUR KALLU,SHAHABAD,1792,1210,Shahabad,exact_name
150,HARDOI,68388,UDHRANPUR,SHAHABAD,1792,1210,Shahabad,exact_name
163,HATHRAS,75924,DADANPUR DHAKPURA,HATHRAS,1920,1338,Hathras,exact_name
163,HATHRAS,75932,GIJROLI,HATHRAS,1920,1338,Hathras,exact_name
163,HATHRAS,75934,HATHRAS DEHAT,HATHRAS,1920,1338,Hathras,exact_name
163,HATHRAS,75941,KALWARI,HATHRAS,1920,1338,Hathras,exact_name
163,HATHRAS,75976,SOKHANA,HATHRAS,1920,1338,Hathras,exact_name
163,HATHRAS,75977,TARFARA,HATHRAS,1920,1338,Hathras,exact_name
163,HATHRAS,76001,GARHI TAMANA,MURSAN,1921,1339,Mursan,exact_name
163,HATHRAS,76011,JOGIA,MURSAN,1921,1339,Mursan,exact_name
163,HATHRAS,76029,MITAI,MURSAN,1921,1339,Mursan,exact_name
163,HATHRAS,76037,NAHROI,MURSAN,1921,1339,Mursan,exact_name
163,HATHRAS,76127,DAYANTAPUR,SASNI,1923,1341,Sasni,exact_name
163,HATHRAS,76220,SAHPAU (DEHAT),SEHPAU,1924,1342,Sehpau,exact_name
151,JALAUN,68572,AIT,DAKORE,1796,1214,Dakore,exact_name
152,JAUNPUR,270494,BAMAILA,DHARMA PUR,1808,1226,Dharma Pur,exact_name
152,JAUNPUR,69379,BANJAREPUR,DHARMA PUR,1808,1226,Dharma Pur,exact_name
152,JAUNPUR,69384,CHORSAND,DHARMA PUR,1808,1226,Dharma Pur,exact_name
152,JAUNPUR,69385,DAKHAN,DHARMA PUR,1808,1226,Dharma Pur,exact_name
152,JAUNPUR,69389,GAURA,DHARMA PUR,1808,1226,Dharma Pur,exact_name
152,JAUNPUR,69405,NAINSAND,DHARMA PUR,1808,1226,Dharma Pur,exact_name
152,JAUNPUR,69412,SAKHAILA,DHARMA PUR,1808,1226,Dharma Pur,exact_name
152,JAUNPUR,270844,MUNGRADIH,MUNGRA BADSHAH PUR,1818,1236,Mungra Badshah Pur,exact_name
152,JAUNPUR,70049,AHAMADPUR KAITHAULI,MUNGRA BADSHAH PUR,1818,1236,Mungra Badshah Pur,exact_name
152,JAUNPUR,70065,DHAURAHARA,MUNGRA BADSHAH PUR,1818,1236,Mungra Badshah Pur,exact_name
152,JAUNPUR,70070,GORAIYADIH,MUNGRA BADSHAH PUR,1818,1236,Mungra Badshah Pur,exact_name
152,JAUNPUR,70079,KAMALPUR,MUNGRA BADSHAH PUR,1818,1236,Mungra Badshah Pur,exact_name
152,JAUNPUR,70109,SAROKHANPUR,MUNGRA BADSHAH PUR,1818,1236,Mungra Badshah Pur,exact_name
152,JAUNPUR,70221,DHANUHA,RAM PUR,1820,1238,Ram Pur,exact_name
152,JAUNPUR,70242,MAYEE,RAM PUR,1820,1238,Ram Pur,exact_name
152,JAUNPUR,70266,RAM  PUR,RAM PUR,1820,1238,Ram Pur,exact_name
152,JAUNPUR,70451,GADDI  PUR,SIRKONI,1823,1241,Sirkoni,exact_name
152,JAUNPUR,70471,MADHO PATTI,SIRKONI,1823,1241,Sirkoni,exact_name
152,JAUNPUR,70481,SADATMASAURA,SIRKONI,1823,1241,Sirkoni,exact_name
155,KANNAUJ,268976,MANPUR,KANNAUJ,1844,1262,Kannauj,exact_name
155,KANNAUJ,270798,AKBARPUR SARAIGAGH,KANNAUJ,1844,1262,Kannauj,exact_name
155,KANNAUJ,71275,NASRAPUR,KANNAUJ,1844,1262,Kannauj,exact_name
155,KANNAUJ,71285,RITUKALA,KANNAUJ,1844,1262,Kannauj,exact_name
155,KANNAUJ,71291,SARAI MEERA (ANSHIK),KANNAUJ,1844,1262,Kannauj,exact_name
156,KANPUR DEHAT,239079,GAUSGANJ,AMRODHA,1849,1267,Amrodha,exact_name
156,KANPUR DEHAT,71558,AHRAULI SHEKH,AMRODHA,1849,1267,Amrodha,exact_name
156,KANPUR DEHAT,71566,BARHAULI,AMRODHA,1849,1267,Amrodha,exact_name
156,KANPUR DEHAT,71578,FATTEPUR,AMRODHA,1849,1267,Amrodha,exact_name
156,KANPUR DEHAT,71585,HARDUA AIMA,AMRODHA,1849,1267,Amrodha,exact_name
156,KANPUR DEHAT,71600,MIRPUR,AMRODHA,1849,1267,Amrodha,exact_name
156,KANPUR DEHAT,71601,MUSANAGAR BANGAR,AMRODHA,1849,1267,Amrodha,exact_name
156,KANPUR DEHAT,71607,PAREHARAPUR,AMRODHA,1849,1267,Amrodha,exact_name
156,KANPUR DEHAT,71608,PILKHINI,AMRODHA,1849,1267,Amrodha,exact_name
156,KANPUR DEHAT,71610,PUKHRAYAN (DEHAT),AMRODHA,1849,1267,Amrodha,exact_name
156,KANPUR DEHAT,71717,RANEPUR RASOOLABAD,JHINJHAK,1851,1269,Jhinjhak,exact_name
156,KANPUR DEHAT,71721,SADHARAMAU,JHINJHAK,1851,1269,Jhinjhak,exact_name
156,KANPUR DEHAT,71880,JAINPUR,RAJPUR,1854,1272,Rajpur,exact_name
156,KANPUR DEHAT,71901,PELAWAR,RAJPUR,1854,1272,Rajpur,exact_name
156,KANPUR DEHAT,71902,PITAKPUR,RAJPUR,1854,1272,Rajpur,exact_name
156,KANPUR DEHAT,71903,RAJPUR,RAJPUR,1854,1272,Rajpur,exact_name
156,KANPUR DEHAT,72024,AHAMADPUR SYODA,SARBANKHERA,1857,1275,Sarbankhera,exact_name
156,KANPUR DEHAT,72031,BISAYAKPUR,SARBANKHERA,1857,1275,Sarbankhera,exact_name
156,KANPUR DEHAT,72049,KATKA,SARBANKHERA,1857,1275,Sarbankhera,exact_name
156,KANPUR DEHAT,72051,KHAN CHANDPUR,SARBANKHERA,1857,1275,Sarbankhera,exact_name
156,KANPUR DEHAT,72052,KISHARWAL,SARBANKHERA,1857,1275,Sarbankhera,exact_name
156,KANPUR DEHAT,72066,RANIYAN,SARBANKHERA,1857,1275,Sarbankhera,exact_name
156,KANPUR DEHAT,72072,SHERPUR TARAUNDA,SARBANKHERA,1857,1275,Sarbankhera,exact_name
158,KAUSHAMBI,72630,CHARWA,CHAIL,1868,1286,Chail,exact_name
158,KAUSHAMBI,266307,Bihamidpur,KARA,1869,1287,Kara,exact_name
158,KAUSHAMBI,72663,CHAKCHAMARUPUR DARANAGAR,KARA,1869,1287,Kara,exact_name
158,KAUSHAMBI,72668,FARAHIMPUR KALESHARMAU,KARA,1869,1287,Kara,exact_name
158,KAUSHAMBI,72675,KAMALPUR,KARA,1869,1287,Kara,exact_name
158,KAUSHAMBI,72686,MYHOARA,KARA,1869,1287,Kara,exact_name
158,KAUSHAMBI,72689,NARSINGHPUR FAREEDGANJ,KARA,1869,1287,Kara,exact_name
158,KAUSHAMBI,72702,SULTANPUR KHWAJA KARAK,KARA,1869,1287,Kara,exact_name
158,KAUSHAMBI,72703,SWADKHAT URF KARA,KARA,1869,1287,Kara,exact_name
158,KAUSHAMBI,268852,PATA GRAMIN,MANJHANPUR,1871,1289,Manjhanpur,exact_name
158,KAUSHAMBI,72769,BABURA,MANJHANPUR,1871,1289,Manjhanpur,exact_name
158,KAUSHAMBI,72771,BANDHAWA RAJWAR,MANJHANPUR,1871,1289,Manjhanpur,exact_name
158,KAUSHAMBI,72776,BHELKHA,MANJHANPUR,1871,1289,Manjhanpur,exact_name
158,KAUSHAMBI,72783,GOURA,MANJHANPUR,1871,1289,Manjhanpur,exact_name
158,KAUSHAMBI,72784,GOUSPUR TIKRI,MANJHANPUR,1871,1289,Manjhanpur,exact_name
158,KAUSHAMBI,72794,MANDUKI,MANJHANPUR,1871,1289,Manjhanpur,exact_name
158,KAUSHAMBI,72797,OSA,MANJHANPUR,1871,1289,Manjhanpur,exact_name
158,KAUSHAMBI,72807,SAMADA,MANJHANPUR,1871,1289,Manjhanpur,exact_name
158,KAUSHAMBI,72972,PASHCHIM SHARIRA,SARSAWAN,1874,1292,Sarsawan,exact_name
158,KAUSHAMBI,72976,PURAB SHARIRA,SARSAWAN,1874,1292,Sarsawan,exact_name
158,KAUSHAMBI,268549,Askaranpur Magrohni,SIRATHU,1875,1293,Sirathu,exact_name
158,KAUSHAMBI,268649,Sehiya Aamad Karari,SIRATHU,1875,1293,Sirathu,exact_name
158,KAUSHAMBI,72999,BHARESAR,SIRATHU,1875,1293,Sirathu,exact_name
158,KAUSHAMBI,73009,HAZIPUR PATAUNA,SIRATHU,1875,1293,Sirathu,exact_name
158,KAUSHAMBI,73023,KORRO,SIRATHU,1875,1293,Sirathu,exact_name
158,KAUSHAMBI,73033,MAWAI KEWAT,SIRATHU,1875,1293,Sirathu,exact_name
159,KHERI,73190,BHIRA,BIJUWA,1878,1296,Bijuwa,exact_name
159,KHERI,73618,BHANPUR BANWARI,MOHAMMADI,1884,1302,Mohammadi,exact_name
159,KHERI,73793,NEGHASAN,NIGHASAN,1886,1304,Nighasan,exact_name
161,LALITPUR,271007,JUGPURA,JAKHAURA,1907,1325,Jakhaura,exact_name
162,LUCKNOW,264934,Barkhudarpur,BAKSHI-KA-TALAB,1911,1329,Bakshi-Ka-Talab,exact_name
162,LUCKNOW,264935,Rasoolpur Kayastha,BAKSHI-KA-TALAB,1911,1329,Bakshi-Ka-Talab,exact_name
162,LUCKNOW,75353,ADHAR KHERA,BAKSHI-KA-TALAB,1911,1329,Bakshi-Ka-Talab,exact_name
162,LUCKNOW,75368,BASAHA,BAKSHI-KA-TALAB,1911,1329,Bakshi-Ka-Talab,exact_name
162,LUCKNOW,75382,DASAULI,BAKSHI-KA-TALAB,1911,1329,Bakshi-Ka-Talab,exact_name
162,LUCKNOW,75389,GOILA,BAKSHI-KA-TALAB,1911,1329,Bakshi-Ka-Talab,exact_name
162,LUCKNOW,75391,GURAMBA,BAKSHI-KA-TALAB,1911,1329,Bakshi-Ka-Talab,exact_name
162,LUCKNOW,75412,MISHRAPUR,BAKSHI-KA-TALAB,1911,1329,Bakshi-Ka-Talab,exact_name
162,LUCKNOW,75426,RASOOLPUR SADAT,BAKSHI-KA-TALAB,1911,1329,Bakshi-Ka-Talab,exact_name
162,LUCKNOW,265284,Shahpur,CHINHAT,1912,1330,Chinhat,exact_name
162,LUCKNOW,265286,Hasemau,CHINHAT,1912,1330,Chinhat,exact_name
162,LUCKNOW,265287,Khargapur,CHINHAT,1912,1330,Chinhat,exact_name
162,LUCKNOW,265314,Saidpur Jagir,CHINHAT,1912,1330,Chinhat,exact_name
162,LUCKNOW,265315,Mirzapur,CHINHAT,1912,1330,Chinhat,exact_name
162,LUCKNOW,265372,Raipur,CHINHAT,1912,1330,Chinhat,exact_name
162,LUCKNOW,75438,ALLU NAGAR DIGURIA,CHINHAT,1912,1330,Chinhat,exact_name
162,LUCKNOW,75440,BAGHAMAU,CHINHAT,1912,1330,Chinhat,exact_name
162,LUCKNOW,75441,BHARWARA,CHINHAT,1912,1330,Chinhat,exact_name
162,LUCKNOW,75442,BHITHAULI KHURD,CHINHAT,1912,1330,Chinhat,exact_name
162,LUCKNOW,75444,CHANDIYAMAU,CHINHAT,1912,1330,Chinhat,exact_name
162,LUCKNOW,75447,DHAWAN,CHINHAT,1912,1330,Chinhat,exact_name
162,LUCKNOW,75449,GANESHPUR RAHMANPUR,CHINHAT,1912,1330,Chinhat,exact_name
162,LUCKNOW,75450,GHAILA,CHINHAT,1912,1330,Chinhat,exact_name
162,LUCKNOW,75453,KHARGPUR JAGIR,CHINHAT,1912,1330,Chinhat,exact_name
162,LUCKNOW,75455,LAULAI,CHINHAT,1912,1330,Chinhat,exact_name
162,LUCKNOW,75456,MAKHDOOM PUR,CHINHAT,1912,1330,Chinhat,exact_name
162,LUCKNOW,75457,MALESEMAU,CHINHAT,1912,1330,Chinhat,exact_name
162,LUCKNOW,75459,MUTAKKIPUR,CHINHAT,1912,1330,Chinhat,exact_name
162,LUCKNOW,75460,NARHARPUR,CHINHAT,1912,1330,Chinhat,exact_name
162,LUCKNOW,75461,NAUBASTA KALAN,CHINHAT,1912,1330,Chinhat,exact_name
162,LUCKNOW,75462,NIJAMPUR MALHAUR,CHINHAT,1912,1330,Chinhat,exact_name
162,LUCKNOW,75466,SARAI SHEKH,CHINHAT,1912,1330,Chinhat,exact_name
162,LUCKNOW,75468,SEMRA,CHINHAT,1912,1330,Chinhat,exact_name
162,LUCKNOW,75469,TIWARIPUR,CHINHAT,1912,1330,Chinhat,exact_name
162,LUCKNOW,75470,UATTARDHAUNA,CHINHAT,1912,1330,Chinhat,exact_name
162,LUCKNOW,75511,MAARHAR MAU,GOSAIGANJ,1913,1331,Gosaiganj,exact_name
162,LUCKNOW,75512,MASTEMAU,GOSAIGANJ,1913,1331,Gosaiganj,exact_name
162,LUCKNOW,75541,SONAI KAJEHRA,GOSAIGANJ,1913,1331,Gosaiganj,exact_name
162,LUCKNOW,75561,JEHTA,KAKORI,1914,1332,Kakori,exact_name
162,LUCKNOW,75572,MAHIPATMAU,KAKORI,1914,1332,Kakori,exact_name
162,LUCKNOW,75573,MAURA,KAKORI,1914,1332,Kakori,exact_name
162,LUCKNOW,75576,NARAUNA,KAKORI,1914,1332,Kakori,exact_name
162,LUCKNOW,75580,SAITHA,KAKORI,1914,1332,Kakori,exact_name
162,LUCKNOW,75582,SALEMPUR PATAURA,KAKORI,1914,1332,Kakori,exact_name
162,LUCKNOW,75583,SARAIPREMRAJ,KAKORI,1914,1332,Kakori,exact_name
162,LUCKNOW,75584,SAROSA BHAROSA,KAKORI,1914,1332,Kakori,exact_name
162,LUCKNOW,75589,SIKRAURI,KAKORI,1914,1332,Kakori,exact_name
162,LUCKNOW,265335,Firozpur,MALIHABAD,1916,1334,Malihabad,exact_name
162,LUCKNOW,75659,MUJASA,MALIHABAD,1916,1334,Malihabad,exact_name
162,LUCKNOW,75700,SARAUVA,MALIHABAD,1916,1334,Malihabad,exact_name
162,LUCKNOW,273252,INDERJEET KHERA,MOHANLALGANJ,1917,1335,Mohanlalganj,exact_name
162,LUCKNOW,75708,ATRAULI,MOHANLALGANJ,1917,1335,Mohanlalganj,exact_name
162,LUCKNOW,75719,BINDAUWA,MOHANLALGANJ,1917,1335,Mohanlalganj,exact_name
162,LUCKNOW,75727,DEHWA,MOHANLALGANJ,1917,1335,Mohanlalganj,exact_name
162,LUCKNOW,75733,GAURA,MOHANLALGANJ,1917,1335,Mohanlalganj,exact_name
162,LUCKNOW,75763,PURSAINI,MOHANLALGANJ,1917,1335,Mohanlalganj,exact_name
162,LUCKNOW,75780,AHMAMAU,SAROJANINAGAR,1918,1336,Sarojaninagar,exact_name
162,LUCKNOW,75784,ANAURA,SAROJANINAGAR,1918,1336,Sarojaninagar,exact_name
162,LUCKNOW,75785,AURAVA,SAROJANINAGAR,1918,1336,Sarojaninagar,exact_name
162,LUCKNOW,75786,ASHRAF NAGAR  ITHURIA,SAROJANINAGAR,1918,1336,Sarojaninagar,exact_name
162,LUCKNOW,75788,BANTHRA,SAROJANINAGAR,1918,1336,Sarojaninagar,exact_name
162,LUCKNOW,75789,BARAUNA,SAROJANINAGAR,1918,1336,Sarojaninagar,exact_name
162,LUCKNOW,75796,BIJNOR,SAROJANINAGAR,1918,1336,Sarojaninagar,exact_name
162,LUCKNOW,75797,BIRURA,SAROJANINAGAR,1918,1336,Sarojaninagar,exact_name
162,LUCKNOW,75802,GHUSVALKALA,SAROJANINAGAR,1918,1336,Sarojaninagar,exact_name
162,LUCKNOW,75803,HARIHARPUR,SAROJANINAGAR,1918,1336,Sarojaninagar,exact_name
162,LUCKNOW,75805,HASANPUR KHEVALI,SAROJANINAGAR,1918,1336,Sarojaninagar,exact_name
162,LUCKNOW,75807,KALLI PASHCHIM,SAROJANINAGAR,1918,1336,Sarojaninagar,exact_name
162,LUCKNOW,75809,KHANDEDEV,SAROJANINAGAR,1918,1336,Sarojaninagar,exact_name
162,LUCKNOW,75813,KISHUNPUR KAUDIA,SAROJANINAGAR,1918,1336,Sarojaninagar,exact_name
162,LUCKNOW,75821,MIRANPUR PINVAT,SAROJANINAGAR,1918,1336,Sarojaninagar,exact_name
162,LUCKNOW,75822,MUZAFFAR NAGAR GHUSVAL,SAROJANINAGAR,1918,1336,Sarojaninagar,exact_name
162,LUCKNOW,75825,NATKUR,SAROJANINAGAR,1918,1336,Sarojaninagar,exact_name
162,LUCKNOW,75827,NIJAMPUR MAJHGAWAN,SAROJANINAGAR,1918,1336,Sarojaninagar,exact_name
162,LUCKNOW,75835,RAMCHAURA,SAROJANINAGAR,1918,1336,Sarojaninagar,exact_name
162,LUCKNOW,75836,SADRAUNA,SAROJANINAGAR,1918,1336,Sarojaninagar,exact_name
162,LUCKNOW,75842,SARSAWAN,SAROJANINAGAR,1918,1336,Sarojaninagar,exact_name
162,LUCKNOW,75843,SEVAI,SAROJANINAGAR,1918,1336,Sarojaninagar,exact_name
162,LUCKNOW,75845,YUSUFNAGAR,SAROJANINAGAR,1918,1336,Sarojaninagar,exact_name
166,MAINPURI,270119,MARAHAMAI,BARNAHAL,1942,1360,Barnahal,exact_name
166,MAINPURI,77306,BARNAHAL,BARNAHAL,1942,1360,Barnahal,exact_name
166,MAINPURI,77337,NAGLA NIWHARA,BARNAHAL,1942,1360,Barnahal,exact_name
167,MATHURA,77889,AJNOKH,CHHATA,1953,1371,Chhata,exact_name
167,MATHURA,77913,KARAHALA,CHHATA,1953,1371,Chhata,exact_name
167,MATHURA,266426,radhakund dehat,GOVARDHAN,1955,1373,Govardhan,exact_name
167,MATHURA,77984,ANORE,GOVARDHAN,1955,1373,Govardhan,exact_name
167,MATHURA,77994,JATIPURA,GOVARDHAN,1955,1373,Govardhan,exact_name
167,MATHURA,78019,SAKITARA,GOVARDHAN,1955,1373,Govardhan,exact_name
167,MATHURA,266362,vrindawan bangar,MATHURA,1957,1375,Mathura,exact_name
167,MATHURA,266371,rajpur nohrabad,MATHURA,1957,1375,Mathura,exact_name
167,MATHURA,78066,ATAS BANGAR,MATHURA,1957,1375,Mathura,exact_name
167,MATHURA,78094,KOTA,MATHURA,1957,1375,Mathura,exact_name
167,MATHURA,78101,MUKANDPUR,MATHURA,1957,1375,Mathura,exact_name
167,MATHURA,78111,RAJPUR BANGAR,MATHURA,1957,1375,Mathura,exact_name
167,MATHURA,78120,SUNRAKH BANGAR,MATHURA,1957,1375,Mathura,exact_name
167,MATHURA,78121,TAHRA,MATHURA,1957,1375,Mathura,exact_name
167,MATHURA,266461,barsana dehat,NANDGAON,1958,1376,Nandgaon,exact_name
167,MATHURA,266465,manpur,NANDGAON,1958,1376,Nandgaon,exact_name
167,MATHURA,78136,CHIKSOLI,NANDGAON,1958,1376,Nandgaon,exact_name
167,MATHURA,78137,DABHALA,NANDGAON,1958,1376,Nandgaon,exact_name
167,MATHURA,78139,GAJIPUR,NANDGAON,1958,1376,Nandgaon,exact_name
167,MATHURA,78158,SANKET,NANDGAON,1958,1376,Nandgaon,exact_name
167,MATHURA,78161,UNCHAGAON,NANDGAON,1958,1376,Nandgaon,exact_name
168,MAU,78281,AMILA,BADRAON,1961,1379,Badraon,exact_name
168,MAU,78297,CHUMMANAR,BADRAON,1961,1379,Badraon,exact_name
168,MAU,78305,HEMAY,BADRAON,1961,1379,Badraon,exact_name
168,MAU,78310,KARPIYA MALIK,BADRAON,1961,1379,Badraon,exact_name
168,MAU,78561,DANI,KOPAGANJ,1965,1383,Kopaganj,exact_name
168,MAU,78562,DARP NARAYANPUR,KOPAGANJ,1965,1383,Kopaganj,exact_name
168,MAU,78570,HIKMA,KOPAGANJ,1965,1383,Kopaganj,exact_name
168,MAU,78581,KHERIDIH,KOPAGANJ,1965,1383,Kopaganj,exact_name
168,MAU,78584,KOPAGANJ,KOPAGANJ,1965,1383,Kopaganj,exact_name
168,MAU,78586,KURTI JAPHAR PUR,KOPAGANJ,1965,1383,Kopaganj,exact_name
168,MAU,78599,PARA,KOPAGANJ,1965,1383,Kopaganj,exact_name
168,MAU,270580,Imiliadih,PARDAHA,1967,1385,Pardaha,exact_name
168,MAU,78681,ACHHAR,PARDAHA,1967,1385,Pardaha,exact_name
168,MAU,78685,BADUWAGODAM,PARDAHA,1967,1385,Pardaha,exact_name
168,MAU,78686,BAHARIPUR,PARDAHA,1967,1385,Pardaha,exact_name
168,MAU,78688,BARLAI,PARDAHA,1967,1385,Pardaha,exact_name
168,MAU,78689,BELCHAURA,PARDAHA,1967,1385,Pardaha,exact_name
168,MAU,78693,HARDASPUR,PARDAHA,1967,1385,Pardaha,exact_name
168,MAU,78695,INDARPUR,PARDAHA,1967,1385,Pardaha,exact_name
168,MAU,78702,MANPUR,PARDAHA,1967,1385,Pardaha,exact_name
168,MAU,78706,NASOPUR,PARDAHA,1967,1385,Pardaha,exact_name
168,MAU,78710,PARDHA,PARDAHA,1967,1385,Pardaha,exact_name
168,MAU,78711,PARSPURA,PARDAHA,1967,1385,Pardaha,exact_name
168,MAU,78718,SALAHABAD,PARDAHA,1967,1385,Pardaha,exact_name
168,MAU,78719,SANEGPUR,PARDAHA,1967,1385,Pardaha,exact_name
168,MAU,78723,SULTANPUR URF BNAURA,PARDAHA,1967,1385,Pardaha,exact_name
168,MAU,78725,TAJOPUR,PARDAHA,1967,1385,Pardaha,exact_name
168,MAU,78727,THAKURMANPUR,PARDAHA,1967,1385,Pardaha,exact_name
168,MAU,78740,BARAGAWAN,RANIPUR,1968,1386,Ranipur,exact_name
168,MAU,78765,KAJHA KHURD,RANIPUR,1968,1386,Ranipur,exact_name
171,MORADABAD,80605,ALINAGAR,KUNDARKI,2001,1419,Kundarki,exact_name
171,MORADABAD,80664,MEHMOODPUR MAFI,KUNDARKI,2001,1419,Kundarki,exact_name
171,MORADABAD,80669,NAGALIA MASHMOOLA URF MEHMOODP,KUNDARKI,2001,1419,Kundarki,exact_name
172,MUZAFFARNAGAR,268306,khanjhanpur,CHARTHAWAL,2009,1427,Charthawal,exact_name
172,MUZAFFARNAGAR,268230,bibipur,MUZAFFARNAGAR,2015,1433,Muzaffarnagar,exact_name
172,MUZAFFARNAGAR,81443,ALMASPUR,MUZAFFARNAGAR,2015,1433,Muzaffarnagar,exact_name
172,MUZAFFARNAGAR,81463,KUKRA,MUZAFFARNAGAR,2015,1433,Muzaffarnagar,exact_name
172,MUZAFFARNAGAR,81466,MANDHERA,MUZAFFARNAGAR,2015,1433,Muzaffarnagar,exact_name
172,MUZAFFARNAGAR,81469,MIRAPUR,MUZAFFARNAGAR,2015,1433,Muzaffarnagar,exact_name
172,MUZAFFARNAGAR,81481,SAHAOLI,MUZAFFARNAGAR,2015,1433,Muzaffarnagar,exact_name
172,MUZAFFARNAGAR,81484,SARWAT,MUZAFFARNAGAR,2015,1433,Muzaffarnagar,exact_name
172,MUZAFFARNAGAR,81486,SHAHBUDDINPUR,MUZAFFARNAGAR,2015,1433,Muzaffarnagar,exact_name
172,MUZAFFARNAGAR,81491,SUJRU,MUZAFFARNAGAR,2015,1433,Muzaffarnagar,exact_name
172,MUZAFFARNAGAR,81493,WAHALNA,MUZAFFARNAGAR,2015,1433,Muzaffarnagar,exact_name
173,PILIBHIT,82074,PAKRIYA NAUGWAN MUSTQIL,LALAURIKHERA,2025,1443,Lalaurikhera,exact_name
174,PRATAPGARH,266860,BACHRAULI,ASPUR DEOSARA,2028,1446,Aspur Deosara,exact_name
174,PRATAPGARH,82334,CHHATUNA,ASPUR DEOSARA,2028,1446,Aspur Deosara,exact_name
174,PRATAPGARH,82341,DEORAKHA,ASPUR DEOSARA,2028,1446,Aspur Deosara,exact_name
174,PRATAPGARH,82357,IBRAHIMPUR,ASPUR DEOSARA,2028,1446,Aspur Deosara,exact_name
174,PRATAPGARH,82367,MANAPUR,ASPUR DEOSARA,2028,1446,Aspur Deosara,exact_name
174,PRATAPGARH,82369,NACHARAULA,ASPUR DEOSARA,2028,1446,Aspur Deosara,exact_name
174,PRATAPGARH,82370,NAGAR,ASPUR DEOSARA,2028,1446,Aspur Deosara,exact_name
174,PRATAPGARH,82375,PURA,ASPUR DEOSARA,2028,1446,Aspur Deosara,exact_name
174,PRATAPGARH,82379,RAMGANJ,ASPUR DEOSARA,2028,1446,Aspur Deosara,exact_name
174,PRATAPGARH,82382,RASOOLPUR HAIDARPUR,ASPUR DEOSARA,2028,1446,Aspur Deosara,exact_name
174,PRATAPGARH,82383,RAUJA,ASPUR DEOSARA,2028,1446,Aspur Deosara,exact_name
174,PRATAPGARH,82385,SANGRAM GANJ,ASPUR DEOSARA,2028,1446,Aspur Deosara,exact_name
174,PRATAPGARH,82388,SHAILKHA,ASPUR DEOSARA,2028,1446,Aspur Deosara,exact_name
174,PRATAPGARH,82389,SONPURA,ASPUR DEOSARA,2028,1446,Aspur Deosara,exact_name
174,PRATAPGARH,82460,AINDHA,BABAGANJ,2030,1448,Babaganj,exact_name
174,PRATAPGARH,82467,BAHORIKPUR,BABAGANJ,2030,1448,Babaganj,exact_name
174,PRATAPGARH,82478,FATUHABAD,BABAGANJ,2030,1448,Babaganj,exact_name
174,PRATAPGARH,82483,JAGAPUR,BABAGANJ,2030,1448,Babaganj,exact_name
174,PRATAPGARH,82523,WAJIRPUR,BABAGANJ,2030,1448,Babaganj,exact_name
174,PRATAPGARH,268147,LOCHANGARH,BIHAR,2031,1449,Bihar,exact_name
174,PRATAPGARH,82536,BIKARA,BIHAR,2031,1449,Bihar,exact_name
174,PRATAPGARH,82557,MAHIYAMAU,BIHAR,2031,1449,Bihar,exact_name
174,PRATAPGARH,82575,SABALGARH,BIHAR,2031,1449,Bihar,exact_name
174,PRATAPGARH,82579,SARAYINDRAWAT,BIHAR,2031,1449,Bihar,exact_name
174,PRATAPGARH,82583,SHEKHPUR CHAURAS,BIHAR,2031,1449,Bihar,exact_name
174,PRATAPGARH,82596,BAIRAMPUR,GAURA,2032,1450,Gaura,exact_name
174,PRATAPGARH,82598,BARAHDA,GAURA,2032,1450,Gaura,exact_name
174,PRATAPGARH,82617,KARKA,GAURA,2032,1450,Gaura,exact_name
174,PRATAPGARH,82631,NAUDERA,GAURA,2032,1450,Gaura,exact_name
174,PRATAPGARH,82635,PURE KHAGRAY,GAURA,2032,1450,Gaura,exact_name
174,PRATAPGARH,82642,ROHA KHURD  KALA,GAURA,2032,1450,Gaura,exact_name
174,PRATAPGARH,82645,SANDILA,GAURA,2032,1450,Gaura,exact_name
174,PRATAPGARH,82652,SUVANSA,GAURA,2032,1450,Gaura,exact_name
174,PRATAPGARH,82661,BAJAHA BHIT,KALAKANKAR,2033,1451,Kalakankar,exact_name
174,PRATAPGARH,82668,CHAURAHI,KALAKANKAR,2033,1451,Kalakankar,exact_name
174,PRATAPGARH,82684,LATTARA,KALAKANKAR,2033,1451,Kalakankar,exact_name
174,PRATAPGARH,82688,MIRGARWA,KALAKANKAR,2033,1451,Kalakankar,exact_name
174,PRATAPGARH,82723,CHAUKAPARPUR,KUNDA,2034,1452,Kunda,exact_name
174,PRATAPGARH,82867,KHEMSARI,LALGANJ,2036,1454,Lalganj,exact_name
174,PRATAPGARH,82884,SALEM BHADARI,LALGANJ,2036,1454,Lalganj,exact_name
174,PRATAPGARH,82902,BHAWAPUR,MAGRAURA,2037,1455,Magraura,exact_name
174,PRATAPGARH,82911,DHARAULI MADHUPUR,MAGRAURA,2037,1455,Magraura,exact_name
174,PRATAPGARH,82922,KOHDOR,MAGRAURA,2037,1455,Magraura,exact_name
174,PRATAPGARH,82923,LAKHIPUR,MAGRAURA,2037,1455,Magraura,exact_name
174,PRATAPGARH,82938,RAMAAPUR,MAGRAURA,2037,1455,Magraura,exact_name
174,PRATAPGARH,82954,AHINA,MANDHATA,2038,1456,Mandhata,exact_name
174,PRATAPGARH,82956,AKODHIYA,MANDHATA,2038,1456,Mandhata,exact_name
174,PRATAPGARH,82959,BAGIYAPUR,MANDHATA,2038,1456,Mandhata,exact_name
174,PRATAPGARH,82974,CHHATAUNA,MANDHATA,2038,1456,Mandhata,exact_name
174,PRATAPGARH,82980,GAMHIRA,MANDHATA,2038,1456,Mandhata,exact_name
174,PRATAPGARH,82981,GAURA,MANDHATA,2038,1456,Mandhata,exact_name
174,PRATAPGARH,82985,HARAKHPUR,MANDHATA,2038,1456,Mandhata,exact_name
174,PRATAPGARH,82988,JAGDISHPUR,MANDHATA,2038,1456,Mandhata,exact_name
174,PRATAPGARH,82991,KHAJOHARI,MANDHATA,2038,1456,Mandhata,exact_name
174,PRATAPGARH,82997,LAKHAPUR,MANDHATA,2038,1456,Mandhata,exact_name
174,PRATAPGARH,82998,LAKHOOPUR,MANDHATA,2038,1456,Mandhata,exact_name
174,PRATAPGARH,82999,LILAULI,MANDHATA,2038,1456,Mandhata,exact_name
174,PRATAPGARH,83003,MANDHATA,MANDHATA,2038,1456,Mandhata,exact_name
174,PRATAPGARH,83005,MISHIRPUR TARAUL,MANDHATA,2038,1456,Mandhata,exact_name
174,PRATAPGARH,83015,PURE MOTI LAL,MANDHATA,2038,1456,Mandhata,exact_name
174,PRATAPGARH,83018,PURE TORAI,MANDHATA,2038,1456,Mandhata,exact_name
174,PRATAPGARH,83030,SARAI BHOOPAT,MANDHATA,2038,1456,Mandhata,exact_name
174,PRATAPGARH,83031,SARAI DEV RAI,MANDHATA,2038,1456,Mandhata,exact_name
174,PRATAPGARH,83032,SARAI HAR NARAIN,MANDHATA,2038,1456,Mandhata,exact_name
174,PRATAPGARH,266939,RAJAPUR KLA,PRATAPGARH (SADAR),2040,1458,Pratapgarh (Sadar),exact_name
174,PRATAPGARH,266953,PURE MOHAN,PRATAPGARH (SADAR),2040,1458,Pratapgarh (Sadar),exact_name
174,PRATAPGARH,83096,AUWAR,PRATAPGARH (SADAR),2040,1458,Pratapgarh (Sadar),exact_name
174,PRATAPGARH,83102,BHAGESARA,PRATAPGARH (SADAR),2040,1458,Pratapgarh (Sadar),exact_name
174,PRATAPGARH,83106,BHUIDAHA,PRATAPGARH (SADAR),2040,1458,Pratapgarh (Sadar),exact_name
174,PRATAPGARH,83112,DAHILAMAU,PRATAPGARH (SADAR),2040,1458,Pratapgarh (Sadar),exact_name
174,PRATAPGARH,83116,GHATAMPUR,PRATAPGARH (SADAR),2040,1458,Pratapgarh (Sadar),exact_name
174,PRATAPGARH,83122,JOGAPUR,PRATAPGARH (SADAR),2040,1458,Pratapgarh (Sadar),exact_name
174,PRATAPGARH,83123,KARANPUR,PRATAPGARH (SADAR),2040,1458,Pratapgarh (Sadar),exact_name
174,PRATAPGARH,83134,NAMAKSAYAR,PRATAPGARH (SADAR),2040,1458,Pratapgarh (Sadar),exact_name
174,PRATAPGARH,83140,PURANPUR PATHKHAN,PRATAPGARH (SADAR),2040,1458,Pratapgarh (Sadar),exact_name
174,PRATAPGARH,83142,PURE HIRAMAN,PRATAPGARH (SADAR),2040,1458,Pratapgarh (Sadar),exact_name
174,PRATAPGARH,83143,PURE ISHWARNATH,PRATAPGARH (SADAR),2040,1458,Pratapgarh (Sadar),exact_name
174,PRATAPGARH,83144,PURE KESHAV RAI,PRATAPGARH (SADAR),2040,1458,Pratapgarh (Sadar),exact_name
174,PRATAPGARH,83149,RAJAPUR,PRATAPGARH (SADAR),2040,1458,Pratapgarh (Sadar),exact_name
174,PRATAPGARH,83153,RANJITPUR CHILBILA,PRATAPGARH (SADAR),2040,1458,Pratapgarh (Sadar),exact_name
174,PRATAPGARH,83155,ROOPAPUR,PRATAPGARH (SADAR),2040,1458,Pratapgarh (Sadar),exact_name
174,PRATAPGARH,83156,SAGRA,PRATAPGARH (SADAR),2040,1458,Pratapgarh (Sadar),exact_name
174,PRATAPGARH,83166,SIPAHMAHERI,PRATAPGARH (SADAR),2040,1458,Pratapgarh (Sadar),exact_name
174,PRATAPGARH,83167,SONAVA,PRATAPGARH (SADAR),2040,1458,Pratapgarh (Sadar),exact_name
174,PRATAPGARH,267194,ASHAPUR,SANDWA CHANDRIKA,2042,1460,Sandwa Chandrika,exact_name
174,PRATAPGARH,83228,ANTU DEHAT,SANDWA CHANDRIKA,2042,1460,Sandwa Chandrika,exact_name
174,PRATAPGARH,83235,BHADAUSI,SANDWA CHANDRIKA,2042,1460,Sandwa Chandrika,exact_name
174,PRATAPGARH,83240,CHAURA,SANDWA CHANDRIKA,2042,1460,Sandwa Chandrika,exact_name
174,PRATAPGARH,83244,DANGARI,SANDWA CHANDRIKA,2042,1460,Sandwa Chandrika,exact_name
174,PRATAPGARH,83246,GADWARA,SANDWA CHANDRIKA,2042,1460,Sandwa Chandrika,exact_name
174,PRATAPGARH,83283,SHIVRAJPUR,SANDWA CHANDRIKA,2042,1460,Sandwa Chandrika,exact_name
174,PRATAPGARH,83284,SHUKULPUR,SANDWA CHANDRIKA,2042,1460,Sandwa Chandrika,exact_name
174,PRATAPGARH,270541,RUPIPUR,SHIVGARH,2044,1462,Shivgarh,exact_name
120,PRAYAGRAJ,265844,SARAI TAKI,BAHADURPUR,1413,830,Bahadurpur,exact_name
120,PRAYAGRAJ,265845,MAHESHPUR,BAHADURPUR,1413,830,Bahadurpur,exact_name
120,PRAYAGRAJ,270787,FIROZPUR TAL. IBRAHIMPUR,BAHADURPUR,1413,830,Bahadurpur,exact_name
120,PRAYAGRAJ,270789,HABIBPUR,BAHADURPUR,1413,830,Bahadurpur,exact_name
120,PRAYAGRAJ,44189,AMERSAPUR,BAHADURPUR,1413,830,Bahadurpur,exact_name
120,PRAYAGRAJ,44190,ANDAWA,BAHADURPUR,1413,830,Bahadurpur,exact_name
120,PRAYAGRAJ,44192,BADHAWA TAHIRPUR,BAHADURPUR,1413,830,Bahadurpur,exact_name
120,PRAYAGRAJ,44198,BARIYARI,BAHADURPUR,1413,830,Bahadurpur,exact_name
120,PRAYAGRAJ,44200,BHAGIPUR,BAHADURPUR,1413,830,Bahadurpur,exact_name
120,PRAYAGRAJ,44204,CHAK HARIHARBAN,BAHADURPUR,1413,830,Bahadurpur,exact_name
120,PRAYAGRAJ,44207,CHAQ CHURAWAN TA. KANIHAR,BAHADURPUR,1413,830,Bahadurpur,exact_name
120,PRAYAGRAJ,44208,CHHATANAG UPERHAR,BAHADURPUR,1413,830,Bahadurpur,exact_name
120,PRAYAGRAJ,44218,DUDUHI,BAHADURPUR,1413,830,Bahadurpur,exact_name
120,PRAYAGRAJ,44219,DURJANPUR,BAHADURPUR,1413,830,Bahadurpur,exact_name
120,PRAYAGRAJ,44221,GOTAWAN,BAHADURPUR,1413,830,Bahadurpur,exact_name
120,PRAYAGRAJ,44222,HAVELIYA,BAHADURPUR,1413,830,Bahadurpur,exact_name
120,PRAYAGRAJ,44226,JHUSI KOHNA,BAHADURPUR,1413,830,Bahadurpur,exact_name
120,PRAYAGRAJ,44230,KANIHAR,BAHADURPUR,1413,830,Bahadurpur,exact_name
120,PRAYAGRAJ,44233,KASERUAKALA,BAHADURPUR,1413,830,Bahadurpur,exact_name
120,PRAYAGRAJ,44234,KATAKA,BAHADURPUR,1413,830,Bahadurpur,exact_name
120,PRAYAGRAJ,44240,KUNADEEH,BAHADURPUR,1413,830,Bahadurpur,exact_name
120,PRAYAGRAJ,44245,MALAWAN BUJURG,BAHADURPUR,1413,830,Bahadurpur,exact_name
120,PRAYAGRAJ,44246,MALAWAN KHURD,BAHADURPUR,1413,830,Bahadurpur,exact_name
120,PRAYAGRAJ,44252,NAIKA,BAHADURPUR,1413,830,Bahadurpur,exact_name
120,PRAYAGRAJ,44257,POORE SURADAS,BAHADURPUR,1413,830,Bahadurpur,exact_name
120,PRAYAGRAJ,44258,RAHIMAPUR,BAHADURPUR,1413,830,Bahadurpur,exact_name
120,PRAYAGRAJ,44260,RAMAPUR,BAHADURPUR,1413,830,Bahadurpur,exact_name
120,PRAYAGRAJ,44268,SARFUDDINPUR,BAHADURPUR,1413,830,Bahadurpur,exact_name
120,PRAYAGRAJ,44270,SHERDEEH,BAHADURPUR,1413,830,Bahadurpur,exact_name
120,PRAYAGRAJ,44273,SONAUTI,BAHADURPUR,1413,830,Bahadurpur,exact_name
120,PRAYAGRAJ,44276,TENDUE,BAHADURPUR,1413,830,Bahadurpur,exact_name
120,PRAYAGRAJ,44277,TULAPUR,BAHADURPUR,1413,830,Bahadurpur,exact_name
120,PRAYAGRAJ,44279,USTAPUR MAHMOODABAD UPERHAR,BAHADURPUR,1413,830,Bahadurpur,exact_name
120,PRAYAGRAJ,270183,DADRI TAL. NAUGAWAN,CHAKA,1415,832,Chaka,exact_name
120,PRAYAGRAJ,270187,CHAK ABHAYRAM,CHAKA,1415,832,Chaka,exact_name
120,PRAYAGRAJ,270226,PATEWARA,CHAKA,1415,832,Chaka,exact_name
120,PRAYAGRAJ,270236,GONTI TAL. PURWA,CHAKA,1415,832,Chaka,exact_name
120,PRAYAGRAJ,270259,BHARAUNHA,CHAKA,1415,832,Chaka,exact_name
120,PRAYAGRAJ,270264,CHAK BABURA ALIMABAD,CHAKA,1415,832,Chaka,exact_name
120,PRAYAGRAJ,44378,ARAIL UPARHAR,CHAKA,1415,832,Chaka,exact_name
120,PRAYAGRAJ,44381,BARAMAR,CHAKA,1415,832,Chaka,exact_name
120,PRAYAGRAJ,44382,BASWAR,CHAKA,1415,832,Chaka,exact_name
120,PRAYAGRAJ,44386,CHAK GARIBDAS,CHAKA,1415,832,Chaka,exact_name
120,PRAYAGRAJ,44387,CHAK IMAM ALI,CHAKA,1415,832,Chaka,exact_name
120,PRAYAGRAJ,44388,CHAK PUREMIYAN KHURD,CHAKA,1415,832,Chaka,exact_name
120,PRAYAGRAJ,44389,CHAK RANA TIWARI,CHAKA,1415,832,Chaka,exact_name
120,PRAYAGRAJ,44390,CHAKA,CHAKA,1415,832,Chaka,exact_name
120,PRAYAGRAJ,44393,DABHAON,CHAKA,1415,832,Chaka,exact_name
120,PRAYAGRAJ,44394,DADARI TALUKA NAINI DADARI,CHAKA,1415,832,Chaka,exact_name
120,PRAYAGRAJ,44395,DANDI,CHAKA,1415,832,Chaka,exact_name
120,PRAYAGRAJ,44397,DEORI,CHAKA,1415,832,Chaka,exact_name
120,PRAYAGRAJ,44398,DEWRAKH UPARHAR,CHAKA,1415,832,Chaka,exact_name
120,PRAYAGRAJ,44399,DHANUHA,CHAKA,1415,832,Chaka,exact_name
120,PRAYAGRAJ,44400,GHOGHAPUR,CHAKA,1415,832,Chaka,exact_name
120,PRAYAGRAJ,44403,LAWAINKHURD,CHAKA,1415,832,Chaka,exact_name
120,PRAYAGRAJ,44404,LAWAYAN KALAN UPARHAR,CHAKA,1415,832,Chaka,exact_name
120,PRAYAGRAJ,44405,MADAUKA UPARHAR,CHAKA,1415,832,Chaka,exact_name
120,PRAYAGRAJ,44406,MAHEWA PATTI PASHCHIM UPARHAR,CHAKA,1415,832,Chaka,exact_name
120,PRAYAGRAJ,44407,MAHUWARI,CHAKA,1415,832,Chaka,exact_name
120,PRAYAGRAJ,44408,MASIKA,CHAKA,1415,832,Chaka,exact_name
120,PRAYAGRAJ,44409,MAWAIYA UPARHAR,CHAKA,1415,832,Chaka,exact_name
120,PRAYAGRAJ,44410,MOHABATGANJ UPARHAR,CHAKA,1415,832,Chaka,exact_name
120,PRAYAGRAJ,44411,NAINI TALUKA NAINI DADARI,CHAKA,1415,832,Chaka,exact_name
120,PRAYAGRAJ,44412,NEWADA SAMOGAR,CHAKA,1415,832,Chaka,exact_name
120,PRAYAGRAJ,44413,NIBI TALUKA KHURD,CHAKA,1415,832,Chaka,exact_name
120,PRAYAGRAJ,44415,PIPIRASA,CHAKA,1415,832,Chaka,exact_name
120,PRAYAGRAJ,44417,PURA PANDEY,CHAKA,1415,832,Chaka,exact_name
120,PRAYAGRAJ,44418,PURE KHAGAN,CHAKA,1415,832,Chaka,exact_name
120,PRAYAGRAJ,44420,SANDWA KALAN,CHAKA,1415,832,Chaka,exact_name
120,PRAYAGRAJ,44422,TENDUAWAN,CHAKA,1415,832,Chaka,exact_name
120,PRAYAGRAJ,44423,TIGNAUTA,CHAKA,1415,832,Chaka,exact_name
120,PRAYAGRAJ,270270,MAHRUDIH,KAURIHAR,1422,839,Kaurihar,exact_name
120,PRAYAGRAJ,44828,BAKSI MODA,KAURIHAR,1422,839,Kaurihar,exact_name
120,PRAYAGRAJ,44829,BAMROLI  UPARHAR,KAURIHAR,1422,839,Kaurihar,exact_name
120,PRAYAGRAJ,44833,BHARETHA,KAURIHAR,1422,839,Kaurihar,exact_name
120,PRAYAGRAJ,44839,CHANDRABHANPUR,KAURIHAR,1422,839,Kaurihar,exact_name
120,PRAYAGRAJ,44844,DAMUPUR,KAURIHAR,1422,839,Kaurihar,exact_name
120,PRAYAGRAJ,44857,HATHIGHA,KAURIHAR,1422,839,Kaurihar,exact_name
120,PRAYAGRAJ,44865,JHALWA,KAURIHAR,1422,839,Kaurihar,exact_name
120,PRAYAGRAJ,44874,KATHULA GOSPUR,KAURIHAR,1422,839,Kaurihar,exact_name
120,PRAYAGRAJ,44890,MALAK HERHER UPERHAR,KAURIHAR,1422,839,Kaurihar,exact_name
120,PRAYAGRAJ,44914,RAHIMABAD,KAURIHAR,1422,839,Kaurihar,exact_name
120,PRAYAGRAJ,44917,SAHA URF PIPALGAON,KAURIHAR,1422,839,Kaurihar,exact_name
120,PRAYAGRAJ,45505,BAHMALPUR,SORAON,1431,848,Soraon,exact_name
120,PRAYAGRAJ,45509,BHADRI,SORAON,1431,848,Soraon,exact_name
120,PRAYAGRAJ,45516,GADDOPUR,SORAON,1431,848,Soraon,exact_name
120,PRAYAGRAJ,45517,GAURA,SORAON,1431,848,Soraon,exact_name
120,PRAYAGRAJ,45518,GOHRI,SORAON,1431,848,Soraon,exact_name
120,PRAYAGRAJ,45523,KORSAND,SORAON,1431,848,Soraon,exact_name
120,PRAYAGRAJ,45527,LEHRA,SORAON,1431,848,Soraon,exact_name
120,PRAYAGRAJ,45529,MALAK CATURII,SORAON,1431,848,Soraon,exact_name
120,PRAYAGRAJ,45530,MALAK CHAUDHARI,SORAON,1431,848,Soraon,exact_name
120,PRAYAGRAJ,45534,MOORAHU,SORAON,1431,848,Soraon,exact_name
120,PRAYAGRAJ,45540,RAMPUR,SORAON,1431,848,Soraon,exact_name
120,PRAYAGRAJ,45541,RANGPURA,SORAON,1431,848,Soraon,exact_name
120,PRAYAGRAJ,45542,RUDAPUR,SORAON,1431,848,Soraon,exact_name
120,PRAYAGRAJ,45551,SINGARPUR,SORAON,1431,848,Soraon,exact_name
175,RAE BARELI,271814,sunga,DIH,2051,1469,Dih,exact_name
175,RAE BARELI,84069,SALON,SALON,2059,1477,Salon,exact_name
175,RAE BARELI,84201,BHAWANI GARH,SHIVGARH,2062,1480,Shivgarh,exact_name
175,RAE BARELI,84205,DHEKWA,SHIVGARH,2062,1480,Shivgarh,exact_name
175,RAE BARELI,84216,KUMHARAWAN,SHIVGARH,2062,1480,Shivgarh,exact_name
175,RAE BARELI,84222,PIPRI,SHIVGARH,2062,1480,Shivgarh,exact_name
175,RAE BARELI,84226,SARAIN CHHATRADHARI,SHIVGARH,2062,1480,Shivgarh,exact_name
175,RAE BARELI,84227,SHIV GARH,SHIVGARH,2062,1480,Shivgarh,exact_name
175,RAE BARELI,84228,SIVLI,SHIVGARH,2062,1480,Shivgarh,exact_name
176,RAMPUR,84817,SAIFNI,SHAHABAD,2070,1488,Shahabad,exact_name
176,RAMPUR,84848,DARIYAL EHATMALI,SUAR,2071,1489,Suar,exact_name
176,RAMPUR,84849,DARIYAL MUSTHKAM,SUAR,2071,1489,Suar,exact_name
176,RAMPUR,84914,NARPAT NAGAR,SUAR,2071,1489,Suar,exact_name
177,SAHARANPUR,85173,CHHUTMALPUR,MUZAFFARABAD,2075,1493,Muzaffarabad,exact_name
177,SAHARANPUR,85181,FATEHPUR BHADO,MUZAFFARABAD,2075,1493,Muzaffarabad,exact_name
177,SAHARANPUR,85520,RAMPUR MANIHARAN DEHAT,RAMPUR MANIHARAN,2080,1498,Rampur Maniharan,exact_name
180,SHAHJAHANPUR,86819,BANDA,BANDA,2098,1516,Banda,exact_name
180,SHAHJAHANPUR,268059,AHMADPUR NIWAZPUR,BHAWAL KHERA,2099,1517,Bhawal Khera,exact_name
180,SHAHJAHANPUR,271048,JALALNAGAR CHUNGI VAHAR URF SAHAMATGANJ GAUTIYA,BHAWAL KHERA,2099,1517,Bhawal Khera,exact_name
180,SHAHJAHANPUR,86898,CHINAUR,BHAWAL KHERA,2099,1517,Bhawal Khera,exact_name
180,SHAHJAHANPUR,86989,LALPUR,DADROL,2100,1518,Dadrol,exact_name
180,SHAHJAHANPUR,87110,SAHABGANJ,JALALABAD,2102,1520,Jalalabad,exact_name
180,SHAHJAHANPUR,242954,RAFIYABAD KALAN,KALAN,2103,1521,Kalan,exact_name
180,SHAHJAHANPUR,87349,HAMJAPUR,NIGOHI,2109,1527,Nigohi,exact_name
180,SHAHJAHANPUR,87369,NIGOHI,NIGOHI,2109,1527,Nigohi,exact_name
183,SITAPUR,271014,KAKRHA,BEHTA,2133,1551,Behta,exact_name
183,SITAPUR,88984,AHMADABAD,BEHTA,2133,1551,Behta,exact_name
183,SITAPUR,271105,CHATURABEHAD,MAHMUDABAD,2141,1559,Mahmudabad,exact_name
183,SITAPUR,89569,GULARAMAU,MAHMUDABAD,2141,1559,Mahmudabad,exact_name
183,SITAPUR,89573,ICHAULI,MAHMUDABAD,2141,1559,Mahmudabad,exact_name
183,SITAPUR,89585,LAIL KALAN,MAHMUDABAD,2141,1559,Mahmudabad,exact_name
183,SITAPUR,89590,MALL SARAI,MAHMUDABAD,2141,1559,Mahmudabad,exact_name
183,SITAPUR,89614,SUKAIPUR,MAHMUDABAD,2141,1559,Mahmudabad,exact_name
183,SITAPUR,89617,ADHAURA,MAHOLI,2142,1560,Maholi,exact_name
183,SITAPUR,89618,ADHAURI,MAHOLI,2142,1560,Maholi,exact_name
183,SITAPUR,89629,BHIRIYA,MAHOLI,2142,1560,Maholi,exact_name
183,SITAPUR,89639,GUJIYA,MAHOLI,2142,1560,Maholi,exact_name
183,SITAPUR,89654,MAHOLI DEHAT,MAHOLI,2142,1560,Maholi,exact_name
184,SONBHADRA,271216,Khadpathar,MYORPUR,2156,1574,Myorpur,exact_name
184,SONBHADRA,90526,ANPARA,MYORPUR,2156,1574,Myorpur,exact_name
184,SONBHADRA,90528,AURI,MYORPUR,2156,1574,Myorpur,exact_name
184,SONBHADRA,90542,GARABANDHA,MYORPUR,2156,1574,Myorpur,exact_name
184,SONBHADRA,90549,KAKARI,MYORPUR,2156,1574,Myorpur,exact_name
184,SONBHADRA,90567,MURDHOWA,MYORPUR,2156,1574,Myorpur,exact_name
184,SONBHADRA,90573,PARASI,MYORPUR,2156,1574,Myorpur,exact_name
184,SONBHADRA,90582,REHTA,MYORPUR,2156,1574,Myorpur,exact_name
184,SONBHADRA,269417,Ghuwas Khurd,ROBERTSGANJ,2158,1576,Robertsganj,exact_name
184,SONBHADRA,269425,Bichapai,ROBERTSGANJ,2158,1576,Robertsganj,exact_name
184,SONBHADRA,269428,Chhapaka,ROBERTSGANJ,2158,1576,Robertsganj,exact_name
184,SONBHADRA,270129,Sahijan Khurd,ROBERTSGANJ,2158,1576,Robertsganj,exact_name
184,SONBHADRA,90637,BABANAULI,ROBERTSGANJ,2158,1576,Robertsganj,exact_name
184,SONBHADRA,90647,BARAULI,ROBERTSGANJ,2158,1576,Robertsganj,exact_name
184,SONBHADRA,90679,KAMHARI,ROBERTSGANJ,2158,1576,Robertsganj,exact_name
184,SONBHADRA,90707,ORMAURA,ROBERTSGANJ,2158,1576,Robertsganj,exact_name
185,SULTANPUR,270860,GHATAMPUR,LAMBHUA,2175,1593,Lambhua,exact_name
185,SULTANPUR,91693,BENDOOPARA,LAMBHUA,2175,1593,Lambhua,exact_name
185,SULTANPUR,91703,GAJAPUR,LAMBHUA,2175,1593,Lambhua,exact_name
185,SULTANPUR,91714,JAGANNATHPUR,LAMBHUA,2175,1593,Lambhua,exact_name
185,SULTANPUR,91723,LAMBUAA,LAMBHUA,2175,1593,Lambhua,exact_name
185,SULTANPUR,91736,PARSRAMPUR,LAMBHUA,2175,1593,Lambhua,exact_name
185,SULTANPUR,91747,SEMARI RAJAPUR,LAMBHUA,2175,1593,Lambhua,exact_name
186,UNNAO,272240,UGU DEHAT,FATEHPUR CHAURASI,2187,1605,Fatehpur Chaurasi,exact_name
186,UNNAO,92761,ACHALGANJ,SIKANDARPUR KARAN,2195,1613,Sikandarpur Karan,exact_name
186,UNNAO,92783,HADHA,SIKANDARPUR KARAN,2195,1613,Sikandarpur Karan,exact_name
186,UNNAO,92797,LOHCHA,SIKANDARPUR KARAN,2195,1613,Sikandarpur Karan,exact_name
186,UNNAO,92887,BAJPAIKHERA,SUMERPUR,2197,1615,Sumerpur,exact_name
186,UNNAO,92946,SARAI MANGALI,SUMERPUR,2197,1615,Sumerpur,exact_name
187,VARANASI,93141,ASHAPUR,CHIRAIGAON,2200,1618,Chiraigaon,exact_name
187,VARANASI,93154,DINAPUR,CHIRAIGAON,2200,1618,Chiraigaon,exact_name
187,VARANASI,93155,FARIDPUR,CHIRAIGAON,2200,1618,Chiraigaon,exact_name
187,VARANASI,93157,GOITHAHA,CHIRAIGAON,2200,1618,Chiraigaon,exact_name
187,VARANASI,93162,HIRAMANPUR,CHIRAIGAON,2200,1618,Chiraigaon,exact_name
187,VARANASI,93163,HRIDAYPUR,CHIRAIGAON,2200,1618,Chiraigaon,exact_name
187,VARANASI,93169,KHALISPUR,CHIRAIGAON,2200,1618,Chiraigaon,exact_name
187,VARANASI,93172,KOTAVA,CHIRAIGAON,2200,1618,Chiraigaon,exact_name
187,VARANASI,93174,LEDHUPUR,CHIRAIGAON,2200,1618,Chiraigaon,exact_name
187,VARANASI,93191,RAGHUNATHPUR,CHIRAIGAON,2200,1618,Chiraigaon,exact_name
187,VARANASI,93192,RAJNAHIYA,CHIRAIGAON,2200,1618,Chiraigaon,exact_name
187,VARANASI,93196,RASULGARH,CHIRAIGAON,2200,1618,Chiraigaon,exact_name
187,VARANASI,93197,RUSTAMPUR,CHIRAIGAON,2200,1618,Chiraigaon,exact_name
187,VARANASI,93198,SALARPUR,CHIRAIGAON,2200,1618,Chiraigaon,exact_name
187,VARANASI,93199,SANDAHA,CHIRAIGAON,2200,1618,Chiraigaon,exact_name
187,VARANASI,93201,SARAI MOHANA,CHIRAIGAON,2200,1618,Chiraigaon,exact_name
187,VARANASI,93208,SINGHPUR,CHIRAIGAON,2200,1618,Chiraigaon,exact_name
187,VARANASI,93215,TILAMAPUR,CHIRAIGAON,2200,1618,Chiraigaon,exact_name
187,VARANASI,265907,Holapur,HARAHUA,2202,1620,Harahua,exact_name
187,VARANASI,265908,BASDEVPUR,HARAHUA,2202,1620,Harahua,exact_name
187,VARANASI,93301,AEDE,HARAHUA,2202,1620,Harahua,exact_name
187,VARANASI,93313,BHAWANIPUR,HARAHUA,2202,1620,Harahua,exact_name
187,VARANASI,93323,CHUPPEPUR,HARAHUA,2202,1620,Harahua,exact_name
187,VARANASI,93324,DANDUPUR,HARAHUA,2202,1620,Harahua,exact_name
187,VARANASI,93325,DANIYALPUR,HARAHUA,2202,1620,Harahua,exact_name
187,VARANASI,93331,GANESHPUR,HARAHUA,2202,1620,Harahua,exact_name
187,VARANASI,93337,HARIBALLAMPUR,HARAHUA,2202,1620,Harahua,exact_name
187,VARANASI,93338,HATIYA,HARAHUA,2202,1620,Harahua,exact_name
187,VARANASI,93342,KANUDIH,HARAHUA,2202,1620,Harahua,exact_name
187,VARANASI,93347,BADALALPUR,HARAHUA,2202,1620,Harahua,exact_name
187,VARANASI,93348,LAMAHI,HARAHUA,2202,1620,Harahua,exact_name
187,VARANASI,93349,LODHAN,HARAHUA,2202,1620,Harahua,exact_name
187,VARANASI,93350,MADHAWA,HARAHUA,2202,1620,Harahua,exact_name
187,VARANASI,93355,PARMANADPUR,HARAHUA,2202,1620,Harahua,exact_name
187,VARANASI,93356,PISAUR,HARAHUA,2202,1620,Harahua,exact_name
187,VARANASI,93363,RAMDATTPUR,HARAHUA,2202,1620,Harahua,exact_name
187,VARANASI,93365,RASULPUR,HARAHUA,2202,1620,Harahua,exact_name
187,VARANASI,93368,SARASAVAON,HARAHUA,2202,1620,Harahua,exact_name
187,VARANASI,93372,SOYEPUR,HARAHUA,2202,1620,Harahua,exact_name
187,VARANASI,243376,SHIVDASHPUR,KASHI VIDYAPEETH,2203,1621,Kashi Vidyapeeth,exact_name
187,VARANASI,243377,LOHATA,KASHI VIDYAPEETH,2203,1621,Kashi Vidyapeeth,exact_name
187,VARANASI,243380,LAHARTARA,KASHI VIDYAPEETH,2203,1621,Kashi Vidyapeeth,exact_name
187,VARANASI,243381,KARAUDI,KASHI VIDYAPEETH,2203,1621,Kashi Vidyapeeth,exact_name
187,VARANASI,243382,KANDWA,KASHI VIDYAPEETH,2203,1621,Kashi Vidyapeeth,exact_name
187,VARANASI,93387,AWALESHPUR,KASHI VIDYAPEETH,2203,1621,Kashi Vidyapeeth,exact_name
187,VARANASI,93392,BHAGWANPUR,KASHI VIDYAPEETH,2203,1621,Kashi Vidyapeeth,exact_name
187,VARANASI,93395,BHITARI,KASHI VIDYAPEETH,2203,1621,Kashi Vidyapeeth,exact_name
187,VARANASI,93396,BHIKHARI PUR,KASHI VIDYAPEETH,2203,1621,Kashi Vidyapeeth,exact_name
187,VARANASI,93400,CHHITUPUR,KASHI VIDYAPEETH,2203,1621,Kashi Vidyapeeth,exact_name
187,VARANASI,93401,CHITAIPUR,KASHI VIDYAPEETH,2203,1621,Kashi Vidyapeeth,exact_name
187,VARANASI,93404,CHURAMANPUR,KASHI VIDYAPEETH,2203,1621,Kashi Vidyapeeth,exact_name
187,VARANASI,93406,DOMARI,KASHI VIDYAPEETH,2203,1621,Kashi Vidyapeeth,exact_name
187,VARANASI,93408,PHULWARIYA,KASHI VIDYAPEETH,2203,1621,Kashi Vidyapeeth,exact_name
187,VARANASI,93415,JALALAIPATTI,KASHI VIDYAPEETH,2203,1621,Kashi Vidyapeeth,exact_name
187,VARANASI,93418,KAKARMATTA,KASHI VIDYAPEETH,2203,1621,Kashi Vidyapeeth,exact_name
187,VARANASI,93419,KANCHANPUR,KASHI VIDYAPEETH,2203,1621,Kashi Vidyapeeth,exact_name
187,VARANASI,93430,MADAULI,KASHI VIDYAPEETH,2203,1621,Kashi Vidyapeeth,exact_name
187,VARANASI,93433,MADUADEEH,KASHI VIDYAPEETH,2203,1621,Kashi Vidyapeeth,exact_name
187,VARANASI,93434,MAHESHPUR,KASHI VIDYAPEETH,2203,1621,Kashi Vidyapeeth,exact_name
187,VARANASI,93442,NASIRPUR,KASHI VIDYAPEETH,2203,1621,Kashi Vidyapeeth,exact_name
187,VARANASI,93443,NATHUPUR,KASHI VIDYAPEETH,2203,1621,Kashi Vidyapeeth,exact_name
187,VARANASI,93444,NUAAW,KASHI VIDYAPEETH,2203,1621,Kashi Vidyapeeth,exact_name
187,VARANASI,93445,PAHADI,KASHI VIDYAPEETH,2203,1621,Kashi Vidyapeeth,exact_name
187,VARANASI,93452,SHIRGOVERDHANPUR,KASHI VIDYAPEETH,2203,1621,Kashi Vidyapeeth,exact_name
187,VARANASI,93453,SUZABAD,KASHI VIDYAPEETH,2203,1621,Kashi Vidyapeeth,exact_name
187,VARANASI,93455,SUSUWAHI,KASHI VIDYAPEETH,2203,1621,Kashi Vidyapeeth,exact_name
