district_name,block_name,block_code,gram_panchayat_name,gram_panchayat_code
AGRA,BARAULI AHIR,1389,CHAMRAULI,42868
AGRA,BARAULI AHIR,1389,KAHRAI,42878
AGRA,BARAULI AHIR,1389,KALAL KHERIA,42881
AGRA,BARAULI AHIR,1389,TORA,42904
AGRA,BICHPURI,1390,DEHTORA,42911
ALIGARH,CHANDAUS,1404,CHANDAUS,43560
ALIGARH,CHANDAUS,1404,GABHANA,43569
ALIGARH,CHANDAUS,1404,MOHRAINA,43591
ALIGARH,CHANDAUS,1404,PANIHAVAR,43600
ALIGARH,CHANDAUS,1404,PISAVA,43601
ALIGARH,CHANDAUS,1404,RAMPUR,43602
ALIGARH,CHANDAUS,1404,ROOP NAGAR,43605
ALIGARH,CHANDAUS,1404,SOMNA,43609
ALIGARH,DHANIPUR,1405,ALINAGAR,43621
ALIGARH,DHANIPUR,1405,NAGLA PANKHANI,43669
ALIGARH,DHANIPUR,1405,PALI RAZAPUR,43673
ALIGARH,DHANIPUR,1405,SIDHAULI,43682
ALIGARH,JAWAN,1409,BAROULA,242978
ALIGARH,JAWAN,1409,TATARGARHI,242980
ALIGARH,JAWAN,1409,DAHELI,266355
ALIGARH,JAWAN,1409,BARAULI,43891
ALIGARH,JAWAN,1409,JAWAN SIKANDPUR,43913
ALIGARH,JAWAN,1409,JAWAN VAJIDPUR,43914
ALIGARH,JAWAN,1409,LEHTOI,43923
ALIGARH,JAWAN,1409,RAMPUR,43940
ALIGARH,LODHA,1411,KOTHIYA,266200
ALIGARH,LODHA,1411,HAJIPUR CHAUHATTA,266203
ALIGARH,LODHA,1411,KHERIYA KHWAZA BUDDHA,266425
ALIGARH,LODHA,1411,AJITPURASNA,44032
ALIGARH,LODHA,1411,BARHAULI FATEH KHAN,44041
ALIGARH,LODHA,1411,BHADESI MAFI,44044
ALIGARH,LODHA,1411,BHAKRAULA,44046
ALIGARH,LODHA,1411,DAULRA NIRPAL,44056
ALIGARH,LODHA,1411,DEOSAINI,44057
ALIGARH,LODHA,1411,MADRAK,44087
ALIGARH,LODHA,1411,MAINATH,44090
ALIGARH,LODHA,1411,MUKUNDPUR,44093
ALIGARH,LODHA,1411,NAUHATI,44097
ALIGARH,LODHA,1411,PARIYAVALI,44100
ALIGARH,LODHA,1411,RUSTAMPUR SAKATKHAN,44106
ALIGARH,LODHA,1411,SHAHPUR MADRAK,44113
ALIGARH,LODHA,1411,SUKHRAVALI,44116
ALIGARH,LODHA,1411,TALASPUR KALAN,44118
AMBEDKAR NAGAR,JAHANGIR GANJ,1437,SINGHPUR,271419
AMBEDKAR NAGAR,JAHANGIR GANJ,1437,GANPATPUR,271602
AMBEDKAR NAGAR,JAHANGIR GANJ,1437,BACHHUAPAR,271641
AMBEDKAR NAGAR,JAHANGIR GANJ,1437,JANESARI BUJURG,271647
AMBEDKAR NAGAR,JAHANGIR GANJ,1437,VISHNATHPUR,271650
AMBEDKAR NAGAR,JAHANGIR GANJ,1437,NARWARPATTI,272130
AMBEDKAR NAGAR,JAHANGIR GANJ,1437,BALRAMPUR,45974
AMBEDKAR NAGAR,JAHANGIR GANJ,1437,DHARUPUR,45992
AMBEDKAR NAGAR,JAHANGIR GANJ,1437,FATTEPUR KHAS,45995
AMBEDKAR NAGAR,JAHANGIR GANJ,1437,JAHANGIRGANJ,46005
AMBEDKAR NAGAR,JAHANGIR GANJ,1437,KAKRAPAR,46009
AMBEDKAR NAGAR,JAHANGIR GANJ,1437,MAMPUR,46024
AMBEDKAR NAGAR,JAHANGIR GANJ,1437,NARIYAWAN,46028
AMBEDKAR NAGAR,JAHANGIR GANJ,1437,RAJEPUR,46034
AMBEDKAR NAGAR,JAHANGIR GANJ,1437,SIRSIYA TIHAYATPUR,46046
AMBEDKAR NAGAR,JAHANGIR GANJ,1437,TARAUNA BASGAON,46048
AMBEDKAR NAGAR,JAHANGIR GANJ,1437,HEMRAJPUR,46053
AMBEDKAR NAGAR,JAHANGIR GANJ,1437,VIJLEE  PANDAULI,46054
AMBEDKAR NAGAR,JALAL PUR,1438,FARIDPUR,269525
AMBEDKAR NAGAR,JALAL PUR,1438,ASHIPUR,46059
AMBEDKAR NAGAR,JALAL PUR,1438,JALALPUR DEHAT,46098
AMBEDKAR NAGAR,JALAL PUR,1438,JAMAULI,46099
AMBEDKAR NAGAR,JALAL PUR,1438,VAJEEDPUR,46152
AMBEDKAR NAGAR,RAM NAGAR,1440,CHANDANPUR,270247
AMBEDKAR NAGAR,RAM NAGAR,1440,NEWARI DURAJPUR,46297
AMBEDKAR NAGAR,TANDA,1441,MEERANPUR BABHANPURA,271379
AMBEDKAR NAGAR,TANDA,1441,JIGNA,46369
AMBEDKAR NAGAR,TANDA,1441,KATARIYA,46375
AMROHA,AMROHA,1834,Aaivzabad,238570
AMROHA,AMROHA,1834,Ahroi,238572
AMROHA,AMROHA,1834,Akbarpur Patti,238573
AMROHA,AMROHA,1834,Daud Sarai,238591
AMROHA,AMROHA,1834,Jalalpur Narayan,238610
AMROHA,AMROHA,1834,Nazarpur Khurd,238632
AMROHA,AMROHA,1834,Panju Sarai,238633
AMROHA,AMROHA,1834,Raipur Kalan,238639
AMROHA,AMROHA,1834,Rajjakpur,238640
AMROHA,HASANPUR,1838,Sabdalpur Sharki,238902
AMROHA,HASANPUR,1838,Said Nagli,238903
AMROHA,HASANPUR,1838,Mehdipur,265204
AMROHA,HASANPUR,1838,Ikonda,265778
AMROHA,JOYA,1839,Amroha Dehat,238919
AMROHA,JOYA,1839,Durgpur,238943
AMROHA,JOYA,1839,Guleriya,238950
AMROHA,JOYA,1839,Meera Sarai,238984
AMROHA,JOYA,1839,Pachokara Meharban Ali,238993
AMROHA,JOYA,1839,Pandki,238996
AMROHA,JOYA,1839,Raipur Khurd,239003
AMROHA,JOYA,1839,Rampur Ghana,239006
AMROHA,JOYA,1839,Umarpur,239027
AMROHA,JOYA,1839,KHALAKPUR KHURD,264075
AMROHA,JOYA,1839,HUSSAINPUR NEAR MAALIKHERA,264751
AMROHA,JOYA,1839,Masoodpur Nawada,265737
AYODHYA,AMANIGANJ,1668,AKMA,60839
AYODHYA,AMANIGANJ,1668,BAVAN,60846
AYODHYA,AMANIGANJ,1668,PITHLA,60891
AYODHYA,MASODHA,1671,abbusaray,267669
AYODHYA,MASODHA,1671,VINAYAKPUR,267727
AYODHYA,MASODHA,1671,PUREHUSAIN KHAN,267784
AYODHYA,MASODHA,1671,SAMSUDDINPUR,267791
AYODHYA,MASODHA,1671,BANVEERPUR,61026
AYODHYA,MASODHA,1671,BHADARSA  BAHAR,61028
AYODHYA,MASODHA,1671,CHANDPUR HARVANSH,61032
AYODHYA,MASODHA,1671,DABHA SAMER,61035
AYODHYA,MASODHA,1671,DOST PUR,61036
AYODHYA,MASODHA,1671,GADDOO PUR,61040
AYODHYA,MASODHA,1671,GANJA,61041
AYODHYA,MASODHA,1671,HANSA PUR,61045
AYODHYA,MASODHA,1671,JANAURA,61049
AYODHYA,MASODHA,1671,KAIL,61051
AYODHYA,MASODHA,1671,KALLYAN PUR BHADRASSA,61052
AYODHYA,MASODHA,1671,KHOJANPUR,61055
AYODHYA,MASODHA,1671,MALIKPUR,61061
AYODHYA,MASODHA,1671,MAU YADUVANSPUR,61063
AYODHYA,MASODHA,1671,MIRZAPUR MAFI,61064
AYODHYA,MASODHA,1671,MIRZAPUR NIMAULI,61065
AYODHYA,MASODHA,1671,NAIPURA,61068
AYODHYA,MASODHA,1671,NANDI GRAM,61069
AYODHYA,MASODHA,1671,PAHARGANJ,61070
AYODHYA,MASODHA,1671,PALYA SHAHVADI,61073
AYODHYA,MASODHA,1671,PIPRI,61075
AYODHYA,MASODHA,1671,RAJAPUR MAFI,61079
AYODHYA,MASODHA,1671,USRU,61090
AYODHYA,Mawai,1672,BIHARA,52103
AYODHYA,Mawai,1672,SEDPUR,52140
AYODHYA,Mawai,1672,SEMSI,52141
AYODHYA,Mawai,1672,SUNWA,52146
AYODHYA,MILKIPUR,1674,SHIVNATH PUR,61221
AYODHYA,PURA BAZAR,1675,HAIBATPUR,269337
AYODHYA,PURA BAZAR,1675,ASIFBAG,269352
AYODHYA,PURA BAZAR,1675,ASHAPUR,61236
AYODHYA,PURA BAZAR,1675,MAJHA BARETHA,61238
AYODHYA,PURA BAZAR,1675,BHIKHAPUR,61241
AYODHYA,PURA BAZAR,1675,DEVKALI,61245
AYODHYA,PURA BAZAR,1675,KUDHAKESHAVPUR,61257
AYODHYA,PURA BAZAR,1675,KUSMAHA,61258
AYODHYA,PURA BAZAR,1675,MAKHAKHAPUR,61261
AYODHYA,PURA BAZAR,1675,RANOPAALI,61275
AYODHYA,PURA BAZAR,1675,SAHINAWA,61279
AYODHYA,PURA BAZAR,1675,SHAHJAHANPUR,61286
AYODHYA,PURA BAZAR,1675,SHAHNEVAJPUR,61287
AYODHYA,PURA BAZAR,1675,TAKPURA,61292
AYODHYA,RUDAULI,1536,GOGAVA,52369
AYODHYA,RUDAULI,1536,JALALPUR,52377
AYODHYA,RUDAULI,1536,KARIMPUR,52383
AYODHYA,RUDAULI,1536,KHAIRANPUR,52384
AYODHYA,RUDAULI,1536,MOHMIDPUR,52403
AYODHYA,RUDAULI,1536,SARAI HAMID,52417
AYODHYA,RUDAULI,1536,SARAIPEER,52421
AYODHYA,RUDAULI,1536,TIKAR,52429
AYODHYA,SOHAWAL,1676,SOHAWAL,269574
AYODHYA,SOHAWAL,1676,UCHITPUR,269619
AYODHYA,SOHAWAL,1676,KATRAULI,61317
AYODHYA,SOHAWAL,1676,KHIRAUNI,61318
AYODHYA,SOHAWAL,1676,SALHEPUR NIMAICHA,61337
AYODHYA,SOHAWAL,1676,SARA BISHUNPUR,61339
AZAMGARH,AZMATGARH,1451,JAMIN MEGHAI,47035
AZAMGARH,AZMATGARH,1451,MASONA,47056
AZAMGARH,BILARIYAGANJ,1452,PATI BUJURG,271974
AZAMGARH,BILARIYAGANJ,1452,BASHIRPUR,271975
AZAMGARH,BILARIYAGANJ,1452,JAMIN PADARI,271980
AZAMGARH,BILARIYAGANJ,1452,SAHABUDDINPUR,271981
AZAMGARH,BILARIYAGANJ,1452,AKABARPUR,47085
AZAMGARH,BILARIYAGANJ,1452,ALAUDDIN PATTI,47087
AZAMGARH,BILARIYAGANJ,1452,ANDA KHOR,47089
AZAMGARH,BILARIYAGANJ,1452,BAGWAR,47092
AZAMGARH,BILARIYAGANJ,1452,BARIHARI,47095
AZAMGARH,BILARIYAGANJ,1452,BHAGATPUR,47101
AZAMGARH,BILARIYAGANJ,1452,BILARIYA GANJ  DEHAT,47107
AZAMGARH,BILARIYAGANJ,1452,CHHICHHORI,47110
AZAMGARH,BILARIYAGANJ,1452,CHHIHI,47111
AZAMGARH,BILARIYAGANJ,1452,DEORIA JAPTIMAFI,47112
AZAMGARH,BILARIYAGANJ,1452,DORJI DHAVRAHARA,47116
AZAMGARH,BILARIYAGANJ,1452,GADDOPUR,47121
AZAMGARH,BILARIYAGANJ,1452,GULWA GAURI,47125
AZAMGARH,BILARIYAGANJ,1452,HARIPUR,47127
AZAMGARH,BILARIYAGANJ,1452,HENGAIPUR,47128
AZAMGARH,BILARIYAGANJ,1452,ISMAILPUR GORIA,47130
AZAMGARH,BILARIYAGANJ,1452,JAGMALPUR,47131
AZAMGARH,BILARIYAGANJ,1452,JALALPUR,47132
AZAMGARH,BILARIYAGANJ,1452,KAKRAHI DULAR,47140
AZAMGARH,BILARIYAGANJ,1452,KHALISH PUR,47143
AZAMGARH,BILARIYAGANJ,1452,MADHNAPAR,47148
AZAMGARH,BILARIYAGANJ,1452,MOHAMMADPUR,47155
AZAMGARH,BILARIYAGANJ,1452,MOHIUDDINPUR II,47157
AZAMGARH,BILARIYAGANJ,1452,NASIRPUR,47158
AZAMGARH,BILARIYAGANJ,1452,PADARI PARAN PUR,47162
AZAMGARH,BILARIYAGANJ,1452,PIPRAHA DULIYAWAR,47169
AZAMGARH,BILARIYAGANJ,1452,SEKHUPUR,47173
AZAMGARH,BILARIYAGANJ,1452,SHANTI BASHEERPUR,47174
AZAMGARH,BILARIYAGANJ,1452,TENDUWA,47177
AZAMGARH,BILARIYAGANJ,1452,TURK PADARI,47180
AZAMGARH,JAHANAGANJ,1454,CHAK SAH DARIYA,270615
AZAMGARH,JAHANAGANJ,1454,BARAHATIR JAGDISHPUR,47265
AZAMGARH,JAHANAGANJ,1454,MUSTAFABAD,47298
AZAMGARH,JAHANAGANJ,1454,RAMPUR,47307
AZAMGARH,KOILSA,1455,BHILAMPUR CHHAPARA,47334
AZAMGARH,KOILSA,1455,BURHANPUR,47337
AZAMGARH,KOILSA,1455,ISHWARPUR PAWNI,47351
AZAMGARH,KOILSA,1455,KOILSA,47360
AZAMGARH,KOILSA,1455,RAIPUR KHURASIN,47376
AZAMGARH,KOILSA,1455,RANIPUR,47379
AZAMGARH,KOILSA,1455,SHERWA,47384
AZAMGARH,KOILSA,1455,USHUR KURHWA,47390
AZAMGARH,LALGANJ,1456,TIKAR GADH,272103
AZAMGARH,LALGANJ,1456,CHAKIA BHAGWANPUR,47412
AZAMGARH,LALGANJ,1456,MASERPUR,47444
AZAMGARH,LALGANJ,1456,RETWA CHANDRA BHANPUR,47460
AZAMGARH,MAHRAJGANJ,1457,ACHAIWAT,267739
AZAMGARH,MAHRAJGANJ,1457,PARTAPPUR,47538
AZAMGARH,MARTINGANJ,1458,Dariyapur,265405
AZAMGARH,MARTINGANJ,1458,BANGAON,47555
AZAMGARH,MARTINGANJ,1458,BELWANA,47560
AZAMGARH,MARTINGANJ,1458,KAVRA GAHANI,47577
AZAMGARH,MARTINGANJ,1458,MAHUJA NEWADA,47591
AZAMGARH,MARTINGANJ,1458,NIKASIPUR,47594
AZAMGARH,MARTINGANJ,1458,SURHAN,47611
BAGHPAT,KHEKRA,1475,RATAUL,48680
BAHRAICH,KAISARGANJ,1481,AINY HATINSI,49000
BAHRAICH,KAISARGANJ,1481,CHAK PIHANI,49013
BAHRAICH,KAISARGANJ,1481,DIHAWA SHER BAHADUR SINGH,49019
BAHRAICH,KAISARGANJ,1481,NAUGOHIA,49044
BAHRAICH,KAISARGANJ,1481,PAWANA,49048
BAHRAICH,KAISARGANJ,1481,RUKANAPUR KALAN,49051
BAHRAICH,MIHINPURWA,1483,MIHI PURWA,49175
BAHRAICH,NAWABGANJ,1484,GOKULPUR,266572
BAHRAICH,NAWABGANJ,1484,KEVALPUR,49224
BAHRAICH,NAWABGANJ,1484,PANCHPAKARI,49236
BAHRAICH,PRAYAGPUR,1486,NOOR PUR,49360
BAHRAICH,PRAYAGPUR,1486,PAYAG PUR,49369
BAHRAICH,PRAYAGPUR,1486,SACHAULI,49375
BALLIA,GARWAR,1497,CHAK MANIYA,272597
BALLIA,GARWAR,1497,CHHATAWA,49912
BALLIA,GARWAR,1497,JIGNI JIGANHARA,49923
BALLIA,GARWAR,1497,RATSARH KHURD,49944
BALLIA,GARWAR,1497,RATSHAR KALAN,49945
BALLIA,NAGRA,1501,BHANDARI,272642
BALLIA,NAGRA,1501,CACHIYA,50093
BALLIA,NAGRA,1501,NAGRA,50130
BALRAMPUR,GAISRI,1510,GAINSARI,50631
BALRAMPUR,GAISRI,1510,KHADGAURA,50650
BALRAMPUR,GAISRI,1510,LATTHAWAR,50657
BALRAMPUR,GAISRI,1510,MAJHAULI,50665
BALRAMPUR,GAISRI,1510,SATHI,50691
BALRAMPUR,PACHPEDWA,1512,BARGADWA SAIF,50795
BALRAMPUR,PACHPEDWA,1512,SISHANIA BARGADHI,50857
BALRAMPUR,TULSIPUR,1515,DAVIPATAN,51007
BANDA,MAHUVA,1522,BARUWA SEODHA,51388
BAREILLY,MAJHGAWAN,1551,ABADANPUR,268109
BAREILLY,MAJHGAWAN,1551,BEHTA JANU,53375
BAREILLY,MAJHGAWAN,1551,NAGARIA SATAN,53416
BAREILLY,NAWABGANJ,1553,YAKOOBPUR,268537
BAREILLY,NAWABGANJ,1553,BAHORE NAGLA,53503
BASTI,BAHADURPUR,1556,BIRU PUR,53720
BASTI,BAHADURPUR,1556,DEVAPAR,53724
BASTI,BAHADURPUR,1556,HARNAKHA,53731
BASTI,BAHADURPUR,1556,NAGAR KHAS,53757
BASTI,BAHADURPUR,1556,PHULVARIA BARGAH,53764
BASTI,BANKATI,1557,BARDAND,53788
BASTI,BANKATI,1557,BODAWAL,53798
BASTI,BANKATI,1557,JAGDISHPUR,53816
BASTI,BANKATI,1557,KEITHOORI,53822
BASTI,BANKATI,1557,MUNDERWA LOHADAR,53841
BASTI,BANKATI,1557,UOMRIAHRA,53861
BASTI,BASTI,1558,Bandhua,266631
BASTI,BASTI,1558,Majhariya,266638
BASTI,BASTI,1558,BAKAINIYA  DEEP,53863
BASTI,BASTI,1558,GANESHPUR,53895
BASTI,BASTI,1558,TEMA,53947
BASTI,GAUR,1560,SONHATI,267443
BASTI,GAUR,1560,CHETRA,54032
BASTI,GAUR,1560,SANTHUA,54083
BASTI,HARRAIYA,1561,BHADASI,54106
BASTI,HARRAIYA,1561,KARAMDAR,54127
BASTI,HARRAIYA,1561,MAHU GHAT,54140
BASTI,HARRAIYA,1561,THANA KHAS,54172
BASTI,KAPTANGANJ,1562,BELSOR,54183
BASTI,KAPTANGANJ,1562,DUBAULI  MISHR,54188
BASTI,KAPTANGANJ,1562,KAKUA RAUT,54194
BASTI,KAPTANGANJ,1562,KAPTANGANJ,54196
BASTI,KAPTANGANJ,1562,MADANPURA,54207
BASTI,KAPTANGANJ,1562,MAHUA MISHRA,54209
BASTI,KAPTANGANJ,1562,NAKTI DEI BUJURG,54214
BASTI,KAPTANGANJ,1562,PATKHAULI BABU,54219
BASTI,KAPTANGANJ,1562,RANAJOT KALA,54229
BASTI,KAPTANGANJ,1562,RATASI,54231
BASTI,KUDARAHA,1563,GANA,54261
BASTI,KUDARAHA,1563,GAYGHAT,54263
BASTI,KUDARAHA,1563,PYAREPUR,54291
BASTI,RAMNAGAR,1565,UKADA,267839
BASTI,RAMNAGAR,1565,PELNI,267840
BASTI,RAMNAGAR,1565,SISWA BZURUG,267842
BASTI,RAMNAGAR,1565,BAIDAULA,54392
BASTI,RAMNAGAR,1565,BANTIKRA,54396
BASTI,RAMNAGAR,1565,BANVADHIA,54397
BASTI,RAMNAGAR,1565,BHANPUR,54405
BASTI,RAMNAGAR,1565,JAGDEESHPUR URF NAUGARH,54416
BASTI,RAMNAGAR,1565,KHAIRA,54422
BASTI,RAMNAGAR,1565,SISWA KHURD,54452
BASTI,SALTAUA GOPAL PUR,1567,FERSUM,267852
BASTI,SALTAUA GOPAL PUR,1567,AAHAR,54528
BIJNOR,HALDAUR(KHARI JHALU),1573,SHABAZPUR KHANA,266630
BIJNOR,HALDAUR(KHARI JHALU),1573,FATEHPUR NOABAD,54981
BIJNOR,HALDAUR(KHARI JHALU),1573,KADAPUR URF LADAPUR,55006
BIJNOR,HALDAUR(KHARI JHALU),1573,MUKARPUR KHEMA,55012
BIJNOR,HALDAUR(KHARI JHALU),1573,RAMPUR BAKLI,55027
BUDAUN,DAHGAVAN,1584,DAHGAWAN,55876
BULANDSHAHR,SIKANDRABAD,1612,AMIRPUR BANGAR,259789
BULANDSHAHR,SIKANDRABAD,1612,BELANA,259792
BULANDSHAHR,SIKANDRABAD,1612,CHOUKI,259794
BULANDSHAHR,SIKANDRABAD,1612,GADHANA,259797
BULANDSHAHR,SIKANDRABAD,1612,JHAJHAR,259801
CHITRAKOOT,KARWI,1624,Ahmadganj,266660
CHITRAKOOT,KARWI,1624,CHITARA GOKULPUR,58248
CHITRAKOOT,KARWI,1624,KHOHI,58274
CHITRAKOOT,MAU,1626,MAU MUSTKIL,58415
CHITRAKOOT,PAHARI,1627,CHHILLI RAKAS BANGER,58463
CHITRAKOOT,RAMNAGAR,1628,KHATAWARA,58533
CHITRAKOOT,RAMNAGAR,1628,PARAKON,58537
DEORIA,BAITALPUR,1629,ITWA,265841
DEORIA,BAITALPUR,1629,RUCHAPAR,266719
DEORIA,BAITALPUR,1629,MUKUNDPUR,266730
DEORIA,BAITALPUR,1629,GOVINDPUR,272172
DEORIA,BAITALPUR,1629,BADHAYA,58554
DEORIA,BAITALPUR,1629,BAITALPUR,58555
DEORIA,BAITALPUR,1629,BARARI-I,58560
DEORIA,BAITALPUR,1629,BELAHI TIVARI,58567
DEORIA,BAITALPUR,1629,VISHUNPURA,58574
DEORIA,BAITALPUR,1629,GUDARI,58583
DEORIA,BAITALPUR,1629,JUNGLE SAHAJAULI,58590
DEORIA,BAITALPUR,1629,MEHRA,58601
DEORIA,BARHAJ,1631,UTTAR MOHAW,267351
DEORIA,BARHAJ,1631,LAVARACHHI,58723
DEORIA,BARHAJ,1631,MOHAVN,58727
DEORIA,BARHAJ,1631,PACHAUHA,58733
DEORIA,BHALUANI,1633,TARKULAHA,269027
DEORIA,BHALUANI,1633,PATHKHAULI,269029
DEORIA,BHALUANI,1633,JARAR RAMMAN,269039
DEORIA,BHALUANI,1633,THAKUR DEORIA,269044
DEORIA,BHALUANI,1633,BHALUANI,58810
DEORIA,BHALUANI,1633,DUMARI,58816
DEORIA,BHALUANI,1633,JARAR MANIK,58823
DEORIA,BHALUANI,1633,PHULVARIA LALA,58852
DEORIA,BHALUANI,1633,SHIVDHARIA,58860
DEORIA,DEORIA SADAR,1636,BABHANI..,58992
DEORIA,DEORIA SADAR,1636,BADAHARA,58993
DEORIA,DEORIA SADAR,1636,DANOPUR,59015
DEORIA,DEORIA SADAR,1636,DEORIA KHAS,59016
DEORIA,DEORIA SADAR,1636,DHANAUTI KHURD,59019
DEORIA,DEORIA SADAR,1636,KATARARI,59026
DEORIA,DEORIA SADAR,1636,KATHINHIA,59027
DEORIA,DEORIA SADAR,1636,MUDADIH,59041
DEORIA,DEORIA SADAR,1636,PAGARA URF PARASIA,59047
DEORIA,DEORIA SADAR,1636,PARASIA URF KHARJARVA,59054
DEORIA,DEORIA SADAR,1636,PIDARA,59057
DEORIA,DEORIA SADAR,1636,PIPARPATTI,59058
DEORIA,DEORIA SADAR,1636,RAGHAVAPUR,59060
DEORIA,DEORIA SADAR,1636,SAKARAPAR,59063
DEORIA,DEORIA SADAR,1636,SONDA,59068
DEORIA,DEORIA SADAR,1636,TILAI BELVA,59072
DEORIA,DESAI DEORIA,1637,BHUJAULI,59080
DEORIA,DESAI DEORIA,1637,DUMARI EKHLAKH,59087
DEORIA,DESAI DEORIA,1637,HETIMPUR,59092
DEORIA,DESAI DEORIA,1637,KOTWA,59097
DEORIA,DESAI DEORIA,1637,MUNDERA CHAND,59100
DEORIA,PATHAR DEWA,1640,KUCHAYA,270448
DEORIA,PATHAR DEWA,1640,MACHHAILA,270456
DEORIA,PATHAR DEWA,1640,BHELIPATTI,59263
DEORIA,PATHAR DEWA,1640,FARENDHA,59270
DEORIA,PATHAR DEWA,1640,MAHUARI,59285
DEORIA,PATHAR DEWA,1640,PATHARDEWA,59301
DEORIA,PATHAR DEWA,1640,SIDHAVE,59312
DEORIA,RAMPUR KARKHANA,1641,BHIMPUR,59326
DEORIA,RAMPUR KARKHANA,1641,AMBARPUR URF JATAMALPUR,59333
DEORIA,RUDRAPUR,1642,MATHIA TIWARI,271037
DEORIA,RUDRAPUR,1642,KEOTALIA,59404
DEORIA,RUDRAPUR,1642,MADANPUR,59410
DEORIA,RUDRAPUR,1642,PAUHARIA,59429
DEORIA,RUDRAPUR,1642,RAMAIPUR,59432
DEORIA,RUDRAPUR,1642,VISAMBHARPUR GANYARI,59441
DEORIA,TARKALUA,1644,JAMUNI,241736
DEORIA,TARKALUA,1644,KANAKPURA,241739
DEORIA,TARKALUA,1644,LAXMIPUR,241745
DEORIA,TARKALUA,1644,SIRASIYA PATTI HUSAIN,241762
DEORIA,TARKALUA,1644,TARKULVA,241766
DEORIA,TARKALUA,1644,BALPUR SHRINAGAR,271069
DEORIA,TARKALUA,1644,PARSAUNI,271070
ETAH,MAREHRA,1652,SARAI BOOLEY KHAN,265493
ETAH,MAREHRA,1652,BADHAULI,59952
ETAH,MAREHRA,1652,FATEHPUR MAFI,59961
ETAH,MAREHRA,1652,JARTHAL,59970
ETAH,MAREHRA,1652,JINHAIRA,59971
ETAH,MAREHRA,1652,KUTAINA MAFI,59976
ETAH,MAREHRA,1652,MIRHECHI,59981
ETAWAH,BARHPURA,1660,INDHAUA,266417
ETAWAH,BARHPURA,1660,FUFAI,60458
FARRUKHABAD,KAIMGANJ,1679,PATTI MADARI,61532
FARRUKHABAD,MOHAMDABAD,1681,ARJUNPUR,61657
FARRUKHABAD,MOHAMDABAD,1681,HAMIR KHERA,61677
FARRUKHABAD,MOHAMDABAD,1681,KANHEPUR,61686
FARRUKHABAD,MOHAMDABAD,1681,KHIMSOY PUR,61691
FARRUKHABAD,MOHAMDABAD,1681,MADANPUR,61696
FARRUKHABAD,MOHAMDABAD,1681,MERAPUR,61699
FARRUKHABAD,MOHAMDABAD,1681,NAGLABAG RATHAURA,61705
FARRUKHABAD,MOHAMDABAD,1681,NANDSA,61706
FARRUKHABAD,MOHAMDABAD,1681,PAMAR KHIRIA,61710
FARRUKHABAD,MOHAMDABAD,1681,PUNPAL PUR,61715
FARRUKHABAD,MOHAMDABAD,1681,SANKISA BASANTPUR,61721
FARRUKHABAD,MOHAMDABAD,1681,SEYOGANPUR,61722
FARRUKHABAD,MOHAMDABAD,1681,SITHAULI,61729
FARRUKHABAD,NAWABGANJ,1682,SIKANDER PUR MAJRA NAHROSA,266841
FARRUKHABAD,NAWABGANJ,1682,RAYPUR,266878
FARRUKHABAD,NAWABGANJ,1682,CHANDNI,266912
FARRUKHABAD,NAWABGANJ,1682,BARTAL,61743
FARRUKHABAD,NAWABGANJ,1682,GANIPUR JOGPUR,61754
FARRUKHABAD,NAWABGANJ,1682,SIRMORA BANGAR,61789
FATEHPUR,AIRAYAN,1685,DHARMDASPUR,270972
FATEHPUR,AIRAYAN,1685,CHITAULI,61960
FATEHPUR,AIRAYAN,1685,DAYALPUR,61961
FATEHPUR,AIRAYAN,1685,HARDOAN,61965
FATEHPUR,AIRAYAN,1685,SARSAI BUZURG,61986
FATEHPUR,AIRAYAN,1685,SUJARAHI,61990
FATEHPUR,ASOTHAR,1687,ASOTHAR,62057
FATEHPUR,ASOTHAR,1687,BAUNDAR,62060
FATEHPUR,ASOTHAR,1687,PREM MAU KATRA,62089
FATEHPUR,DEVMAI,1690,Shahjahanpur Khalsa,270923
FATEHPUR,DEVMAI,1690,AKBARPUR NASIRPUR,62232
FATEHPUR,DEVMAI,1690,IBRAHIMPUR DANDA,62253
FATEHPUR,DHATA,1691,BHULA,62308
FATEHPUR,DHATA,1691,KALAYANPUR KACHARAULI,62323
FATEHPUR,DHATA,1691,KARIKAN  DHATA,62324
FATEHPUR,DHATA,1691,NARSINGHPUR KABRAHA,62334
FATEHPUR,VIJAYIPUR,1697,Tilakpur,270979
FATEHPUR,VIJAYIPUR,1697,CHACHINDA,62685
FATEHPUR,VIJAYIPUR,1697,DARIYA MAU,62686
FATEHPUR,VIJAYIPUR,1697,KHAKHARERU,62696
FATEHPUR,VIJAYIPUR,1697,LAUKIYAPUR,62702
FATEHPUR,VIJAYIPUR,1697,RAKSHAPAL PUR,62712
FATEHPUR,VIJAYIPUR,1697,SALVAN,62717
FATEHPUR,VIJAYIPUR,1697,SUJANIPUR,62724
FIROZABAD,HATHWANT,1701,BILTIGARH RAGHOL,264872
FIROZABAD,HATHWANT,1701,BILTIGARHDEVJIT,62907
FIROZABAD,SHIKOHABAD,1705,JIJAULI,63158
FIROZABAD,SHIKOHABAD,1705,MAKHANPUR,63162
FIROZABAD,SHIKOHABAD,1705,MOHAMMDPUR NAWADA,63167
GAUTAM BUDDHA NAGAR,JEWAR,1710,Allauddinpur urf Dhudhera,265861
GAUTAM BUDDHA NAGAR,JEWAR,1710,ALI AHMADPUR URF GARHI,274241
GAUTAM BUDDHA NAGAR,JEWAR,1710,BALLABNAGAR URF KARROL BANGAR,274242
GAUTAM BUDDHA NAGAR,JEWAR,1710,CHANCHALI,63419
GAUTAM BUDDHA NAGAR,JEWAR,1710,MOHVALIPUR,63433
GAUTAM BUDDHA NAGAR,JEWAR,1710,RAMPUR BANGER,63444
GHAZIABAD,BHOJPUR,1711,BEGMABAD BUDANA,239121
GHAZIABAD,BHOJPUR,1711,BISOKHAR,239122
GHAZIABAD,BHOJPUR,1711,QUADRABAD,63490
GHAZIABAD,BHOJPUR,1711,SIKRI KHURD,63498
GHAZIABAD,LONI,1715,HAQIQATPUR URF KHUDAWAS,268532
GHAZIABAD,LONI,1715,ILAICHIPUR,268558
GHAZIABAD,LONI,1715,SADABAD DUGRAVALI,268568
GHAZIABAD,LONI,1715,AGRAULA,63676
GHAZIABAD,LONI,1715,BANTHLA,63680
GHAZIABAD,LONI,1715,JAVLI,63683
GHAZIABAD,LONI,1715,KHANPUR JAPTI,63684
GHAZIABAD,LONI,1715,NISTAULI,63694
GHAZIABAD,LONI,1715,SIKHRANI,63698
GHAZIABAD,LONI,1715,TILA SHAHBAZPUR,63700
GHAZIABAD,MURADNAGAR,1716,SAHBISWA,268622
GHAZIABAD,MURADNAGAR,1716,ASALAT NAGAR,63703
GHAZIABAD,MURADNAGAR,1716,JALALPUR RAGHUNATHPUR,63715
GHAZIABAD,MURADNAGAR,1716,SARNA MURAD NAGAR,63737
GHAZIABAD,RAJAPUR,1717,SIKRI KALAN,63767
GONDA,BELSAR,1736,BARSADA,64942
GONDA,BELSAR,1736,BELSAR,64943
GONDA,BELSAR,1736,CHANDPUR,64945
GONDA,BELSAR,1736,DEVERDA,64947
GONDA,BELSAR,1736,MUJJER,64967
GONDA,BELSAR,1736,PARSADA,64973
GONDA,COLONELGANJ,1738,KADIPUR,65094
GONDA,COLONELGANJ,1738,KARUWA,65096
GONDA,KATRA BAZAR,1742,BABUPUR,65340
GONDA,KATRA BAZAR,1742,BEERPUR KATRA,65346
GONDA,KATRA BAZAR,1742,CHARERA,65353
GONDA,KATRA BAZAR,1742,MAJHAUWA,65377
GONDA,MUJEHANA,1744,DHANEPUR,65495
GONDA,MUJEHANA,1744,KHEER BHARI,65508
GONDA,MUJEHANA,1744,MADHAV GANJ,65512
GONDA,MUJEHANA,1744,MUJEHNA,65517
GONDA,TARABGANJ,1749,DHODHEPUR,65818
GONDA,TARABGANJ,1749,KATAHA,65833
GONDA,TARABGANJ,1749,RAMAPUR,65845
GONDA,TARABGANJ,1749,RETADAL SINGH,65849
GONDA,TARABGANJ,1749,SEMARA,65852
GORAKHPUR,BARHALGANJ,1752,BEILI,65996
GORAKHPUR,BARHALGANJ,1752,KODARI,66015
GORAKHPUR,BHATHAT,1754,SONRAIECH URF BARAGAON,66186
GORAKHPUR,CAMPIERGANJ,1756,BAGAHI BHARI,66255
GORAKHPUR,CAMPIERGANJ,1756,BANBHAGALPUR,66259
GORAKHPUR,CAMPIERGANJ,1756,BASANTPUR,66265
GORAKHPUR,CAMPIERGANJ,1756,CAMPIERNAGAR,66270
GORAKHPUR,CAMPIERGANJ,1756,CHAUMUKHA,66271
GORAKHPUR,CAMPIERGANJ,1756,JANAKPUR,66281
GORAKHPUR,CAMPIERGANJ,1756,JANGAL AGAHI,66282
GORAKHPUR,CAMPIERGANJ,1756,JANGAL BIHULI,66283
GORAKHPUR,CAMPIERGANJ,1756,JANGAL JHAJHWA,66284
GORAKHPUR,CAMPIERGANJ,1756,SAHBGANJ,66316
GORAKHPUR,CHARGAWAN,1757,GULARIHA OF CHARGAWAN,66335
GORAKHPUR,CHARGAWAN,1757,HARSEWAKPUR NO.2,66336
GORAKHPUR,CHARGAWAN,1757,JANGL BAHADUR ALI,66341
GORAKHPUR,CHARGAWAN,1757,JANGL HAKEEM NO2,66344
GORAKHPUR,CHARGAWAN,1757,JANGL TINKONIA NO1,66346
GORAKHPUR,CHARGAWAN,1757,KARMAHA URF KAMHRIA,66351
GORAKHPUR,CHARGAWAN,1757,MUDILA URF MUNDERA,66355
GORAKHPUR,CHARGAWAN,1757,NARUDDIN CHAK,66358
GORAKHPUR,GOLA,1759,Bhiti,271697
GORAKHPUR,GOLA,1759,ATRAURA,66443
GORAKHPUR,GOLA,1759,BANKATA,66445
GORAKHPUR,GOLA,1759,BEVARI,66453
GORAKHPUR,GOLA,1759,BHADSARA,66454
GORAKHPUR,GOLA,1759,BISARA,66458
GORAKHPUR,GOLA,1759,DEVAKALI,66469
GORAKHPUR,GOLA,1759,GHORA LOTAN,66476
GORAKHPUR,GOLA,1759,GODHASARI,66477
GORAKHPUR,GOLA,1759,GOPALPUR,66478
GORAKHPUR,GOLA,1759,MANNIPUR,66489
GORAKHPUR,GOLA,1759,RANIPUR,66506
GORAKHPUR,GOLA,1759,SUARAJ BUJURG,66511
GORAKHPUR,JANGAL KAUDIA,1760,HARPUR,66548
GORAKHPUR,JANGAL KAUDIA,1760,KOLHUA,66557
GORAKHPUR,JANGAL KAUDIA,1760,TIGHARA,66593
GORAKHPUR,KHORABAR,1763,Sendulee Benduli,271721
GORAKHPUR,KHORABAR,1763,BARGO OF KHORABAR,66730
GORAKHPUR,KHORABAR,1763,BHARWALIA BUZURG,66731
GORAKHPUR,KHORABAR,1763,GAIGHAT BUJURG,66738
GORAKHPUR,KHORABAR,1763,JANGALSIKARI,66747
GORAKHPUR,KHORABAR,1763,JHARWA,66749
GORAKHPUR,KHORABAR,1763,KAJAKPUR,66752
GORAKHPUR,KHORABAR,1763,KHORABAR URF SOOBABAZAR,66753
GORAKHPUR,KHORABAR,1763,RAMPUR (KA),66767
GORAKHPUR,KHORABAR,1763,SEMARADEVI  PRASAD,66771
GORAKHPUR,KHORABAR,1763,SIKTAUR,66774
GORAKHPUR,PALI,1764,BHAROHIA,66786
GORAKHPUR,PALI,1764,BIJAUWA,66791
GORAKHPUR,PALI,1764,BISARI,66792
GORAKHPUR,PALI,1764,DUMARI,66798
GORAKHPUR,PALI,1764,GHAGHSARA,66799
GORAKHPUR,PALI,1764,JAGDISHPUR URF GAHI,66802
GORAKHPUR,PALI,1764,MANJHRIA,66811
GORAKHPUR,PALI,1764,PANIKA,66822
GORAKHPUR,PALI,1764,THARUWAPAR,66833
GORAKHPUR,PIPRAICH,1765,Khajhawa,271734
GORAKHPUR,PIPRAICH,1765,HARKHAPUR,66855
GORAKHPUR,PIPRAICH,1765,MUNDERI GARDHWA,66877
GORAKHPUR,PIPRAICH,1765,PIPARA MUGLAN,66880
GORAKHPUR,PIPRAICH,1765,RITHIA,66888
GORAKHPUR,PIPRAICH,1765,SIDHAWAL,66892
GORAKHPUR,SARDARNAGAR,1768,BAL BUJURG,67022
GORAKHPUR,SARDARNAGAR,1768,BAL KHURD,67023
GORAKHPUR,SARDARNAGAR,1768,BHAGWAN PUR,67029
GORAKHPUR,SARDARNAGAR,1768,BHOPA BAZAR,67034
GORAKHPUR,SARDARNAGAR,1768,CHAURA,67038
GORAKHPUR,SARDARNAGAR,1768,RAGHO PUR,67058
GORAKHPUR,URUWA,1769,Belaspur,272097
GORAKHPUR,URUWA,1769,AMAUDRA,67071
GORAKHPUR,URUWA,1769,BANKAT,67075
GORAKHPUR,URUWA,1769,BIRAI BUJURG,67086
GORAKHPUR,URUWA,1769,CHACHAI RAM,67088
GORAKHPUR,URUWA,1769,MARWATIA,67113
GORAKHPUR,URUWA,1769,NAKAUJHA,67120
GORAKHPUR,URUWA,1769,PACHAUHA,67122
GORAKHPUR,URUWA,1769,RAIEPUR,67134
GORAKHPUR,URUWA,1769,URUWA,67153
HARDOI,BHARKHANI,1781,SARAI SAIF,272361
HARDOI,SHAHABAD,1792,GARHICHAND KHAN,272510
HARDOI,SHAHABAD,1792,LALPUR,272515
HARDOI,SHAHABAD,1792,JATPURA,68347
HARDOI,SHAHABAD,1792,MANGLIPUR,68357
HARDOI,SHAHABAD,1792,MANIKAPUR BABUHAI,68358
HARDOI,SHAHABAD,1792,MISHRIPUR,68359
HARDOI,SHAHABAD,1792,NAGLA GANESH,68363
HARDOI,SHAHABAD,1792,NAGLA KALLU,68364
HARDOI,SHAHABAD,1792,NAGLA LOTHU,68366
HARDOI,SHAHABAD,1792,SHAHABAD DEHAT,68380
HARDOI,SHAHABAD,1792,SIKANDARPUR KALLU,68384
HARDOI,SHAHABAD,1792,UDHRANPUR,68388
HATHRAS,HATHRAS,1920,DADANPUR DHAKPURA,75924
HATHRAS,HATHRAS,1920,GIJROLI,75932
HATHRAS,HATHRAS,1920,HATHRAS DEHAT,75934
HATHRAS,HATHRAS,1920,KALWARI,75941
HATHRAS,HATHRAS,1920,SOKHANA,75976
HATHRAS,HATHRAS,1920,TARFARA,75977
HATHRAS,MURSAN,1921,GARHI TAMANA,76001
HATHRAS,MURSAN,1921,JOGIA,76011
HATHRAS,MURSAN,1921,MITAI,76029
HATHRAS,MURSAN,1921,NAHROI,76037
HATHRAS,SASNI,1923,DAYANTAPUR,76127
HATHRAS,SEHPAU,1924,SAHPAU (DEHAT),76220
JALAUN,DAKORE,1796,AIT,68572
JAUNPUR,DHARMA PUR,1808,BAMAILA,270494
JAUNPUR,DHARMA PUR,1808,BANJAREPUR,69379
JAUNPUR,DHARMA PUR,1808,CHORSAND,69384
JAUNPUR,DHARMA PUR,1808,DAKHAN,69385
JAUNPUR,DHARMA PUR,1808,GAURA,69389
JAUNPUR,DHARMA PUR,1808,NAINSAND,69405
JAUNPUR,DHARMA PUR,1808,SAKHAILA,69412
JAUNPUR,MUNGRA BADSHAH PUR,1818,MUNGRADIH,270844
JAUNPUR,MUNGRA BADSHAH PUR,1818,AHAMADPUR KAITHAULI,70049
JAUNPUR,MUNGRA BADSHAH PUR,1818,DHAURAHARA,70065
JAUNPUR,MUNGRA BADSHAH PUR,1818,GORAIYADIH,70070
JAUNPUR,MUNGRA BADSHAH PUR,1818,KAMALPUR,70079
JAUNPUR,MUNGRA BADSHAH PUR,1818,SAROKHANPUR,70109
JAUNPUR,RAM PUR,1820,DHANUHA,70221
JAUNPUR,RAM PUR,1820,MAYEE,70242
JAUNPUR,RAM PUR,1820,RAM  PUR,70266
JAUNPUR,SIRKONI,1823,GADDI  PUR,70451
JAUNPUR,SIRKONI,1823,MADHO PATTI,70471
JAUNPUR,SIRKONI,1823,SADATMASAURA,70481
KANNAUJ,KANNAUJ,1844,MANPUR,268976
KANNAUJ,KANNAUJ,1844,AKBARPUR SARAIGAGH,270798
KANNAUJ,KANNAUJ,1844,NASRAPUR,71275
KANNAUJ,KANNAUJ,1844,RITUKALA,71285
KANNAUJ,KANNAUJ,1844,SARAI MEERA (ANSHIK),71291
KANPUR DEHAT,AMRODHA,1849,GAUSGANJ,239079
KANPUR DEHAT,AMRODHA,1849,AHRAULI SHEKH,71558
KANPUR DEHAT,AMRODHA,1849,BARHAULI,71566
KANPUR DEHAT,AMRODHA,1849,FATTEPUR,71578
KANPUR DEHAT,AMRODHA,1849,HARDUA AIMA,71585
KANPUR DEHAT,AMRODHA,1849,MIRPUR,71600
KANPUR DEHAT,AMRODHA,1849,MUSANAGAR BANGAR,71601
KANPUR DEHAT,AMRODHA,1849,PAREHARAPUR,71607
KANPUR DEHAT,AMRODHA,1849,PILKHINI,71608
KANPUR DEHAT,AMRODHA,1849,PUKHRAYAN (DEHAT),71610
KANPUR DEHAT,JHINJHAK,1851,RANEPUR RASOOLABAD,71717
KANPUR DEHAT,JHINJHAK,1851,SADHARAMAU,71721
KANPUR DEHAT,RAJPUR,1854,JAINPUR,71880
KANPUR DEHAT,RAJPUR,1854,PELAWAR,71901
KANPUR DEHAT,RAJPUR,1854,PITAKPUR,71902
KANPUR DEHAT,RAJPUR,1854,RAJPUR,71903
KANPUR DEHAT,SARBANKHERA,1857,AHAMADPUR SYODA,72024
KANPUR DEHAT,SARBANKHERA,1857,BISAYAKPUR,72031
KANPUR DEHAT,SARBANKHERA,1857,KATKA,72049
KANPUR DEHAT,SARBANKHERA,1857,KHAN CHANDPUR,72051
KANPUR DEHAT,SARBANKHERA,1857,KISHARWAL,72052
KANPUR DEHAT,SARBANKHERA,1857,RANIYAN,72066
KANPUR DEHAT,SARBANKHERA,1857,SHERPUR TARAUNDA,72072
KAUSHAMBI,CHAIL,1868,CHARWA,72630
KAUSHAMBI,KARA,1869,Bihamidpur,266307
KAUSHAMBI,KARA,1869,CHAKCHAMARUPUR DARANAGAR,72663
KAUSHAMBI,KARA,1869,FARAHIMPUR KALESHARMAU,72668
KAUSHAMBI,KARA,1869,KAMALPUR,72675
KAUSHAMBI,KARA,1869,MYHOARA,72686
KAUSHAMBI,KARA,1869,NARSINGHPUR FAREEDGANJ,72689
KAUSHAMBI,KARA,1869,SULTANPUR KHWAJA KARAK,72702
KAUSHAMBI,KARA,1869,SWADKHAT URF KARA,72703
KAUSHAMBI,MANJHANPUR,1871,PATA GRAMIN,268852
KAUSHAMBI,MANJHANPUR,1871,BABURA,72769
KAUSHAMBI,MANJHANPUR,1871,BANDHAWA RAJWAR,72771
KAUSHAMBI,MANJHANPUR,1871,BHELKHA,72776
KAUSHAMBI,MANJHANPUR,1871,GOURA,72783
KAUSHAMBI,MANJHANPUR,1871,GOUSPUR TIKRI,72784
KAUSHAMBI,MANJHANPUR,1871,MANDUKI,72794
KAUSHAMBI,MANJHANPUR,1871,OSA,72797
KAUSHAMBI,MANJHANPUR,1871,SAMADA,72807
KAUSHAMBI,SARSAWAN,1874,PASHCHIM SHARIRA,72972
KAUSHAMBI,SARSAWAN,1874,PURAB SHARIRA,72976
KAUSHAMBI,SIRATHU,1875,Askaranpur Magrohni,268549
KAUSHAMBI,SIRATHU,1875,Sehiya Aamad Karari,268649
KAUSHAMBI,SIRATHU,1875,BHARESAR,72999
KAUSHAMBI,SIRATHU,1875,HAZIPUR PATAUNA,73009
KAUSHAMBI,SIRATHU,1875,KORRO,73023
KAUSHAMBI,SIRATHU,1875,MAWAI KEWAT,73033
KHERI,BIJUWA,1878,BHIRA,73190
KHERI,MOHAMMADI,1884,BHANPUR BANWARI,73618
KHERI,NIGHASAN,1886,NEGHASAN,73793
LALITPUR,JAKHAURA,1907,JUGPURA,271007
LUCKNOW,BAKSHI-KA-TALAB,1911,Barkhudarpur,264934
LUCKNOW,BAKSHI-KA-TALAB,1911,Rasoolpur Kayastha,264935
LUCKNOW,BAKSHI-KA-TALAB,1911,ADHAR KHERA,75353
LUCKNOW,BAKSHI-KA-TALAB,1911,BASAHA,75368
LUCKNOW,BAKSHI-KA-TALAB,1911,DASAULI,75382
LUCKNOW,BAKSHI-KA-TALAB,1911,GOILA,75389
LUCKNOW,BAKSHI-KA-TALAB,1911,GURAMBA,75391
LUCKNOW,BAKSHI-KA-TALAB,1911,MISHRAPUR,75412
LUCKNOW,BAKSHI-KA-TALAB,1911,RASOOLPUR SADAT,75426
LUCKNOW,CHINHAT,1912,Shahpur,265284
LUCKNOW,CHINHAT,1912,Hasemau,265286
LUCKNOW,CHINHAT,1912,Khargapur,265287
LUCKNOW,CHINHAT,1912,Saidpur Jagir,265314
LUCKNOW,CHINHAT,1912,Mirzapur,265315
LUCKNOW,CHINHAT,1912,Raipur,265372
LUCKNOW,CHINHAT,1912,ALLU NAGAR DIGURIA,75438
LUCKNOW,CHINHAT,1912,BAGHAMAU,75440
LUCKNOW,CHINHAT,1912,BHARWARA,75441
LUCKNOW,CHINHAT,1912,BHITHAULI KHURD,75442
LUCKNOW,CHINHAT,1912,CHANDIYAMAU,75444
LUCKNOW,CHINHAT,1912,DHAWAN,75447
LUCKNOW,CHINHAT,1912,GANESHPUR RAHMANPUR,75449
LUCKNOW,CHINHAT,1912,GHAILA,75450
LUCKNOW,CHINHAT,1912,KHARGPUR JAGIR,75453
LUCKNOW,CHINHAT,1912,LAULAI,75455
LUCKNOW,CHINHAT,1912,MAKHDOOM PUR,75456
LUCKNOW,CHINHAT,1912,MALESEMAU,75457
LUCKNOW,CHINHAT,1912,MUTAKKIPUR,75459
LUCKNOW,CHINHAT,1912,NARHARPUR,75460
LUCKNOW,CHINHAT,1912,NAUBASTA KALAN,75461
LUCKNOW,CHINHAT,1912,NIJAMPUR MALHAUR,75462
LUCKNOW,CHINHAT,1912,SARAI SHEKH,75466
LUCKNOW,CHINHAT,1912,SEMRA,75468
LUCKNOW,CHINHAT,1912,TIWARIPUR,75469
LUCKNOW,CHINHAT,1912,UATTARDHAUNA,75470
LUCKNOW,GOSAIGANJ,1913,MAARHAR MAU,75511
LUCKNOW,GOSAIGANJ,1913,MASTEMAU,75512
LUCKNOW,GOSAIGANJ,1913,SONAI KAJEHRA,75541
LUCKNOW,KAKORI,1914,JEHTA,75561
LUCKNOW,KAKORI,1914,MAHIPATMAU,75572
LUCKNOW,KAKORI,1914,MAURA,75573
LUCKNOW,KAKORI,1914,NARAUNA,75576
LUCKNOW,KAKORI,1914,SAITHA,75580
LUCKNOW,KAKORI,1914,SALEMPUR PATAURA,75582
LUCKNOW,KAKORI,1914,SARAIPREMRAJ,75583
LUCKNOW,KAKORI,1914,SAROSA BHAROSA,75584
LUCKNOW,KAKORI,1914,SIKRAURI,75589
LUCKNOW,MALIHABAD,1916,Firozpur,265335
LUCKNOW,MALIHABAD,1916,MUJASA,75659
LUCKNOW,MALIHABAD,1916,SARAUVA,75700
LUCKNOW,MOHANLALGANJ,1917,INDERJEET KHERA,273252
LUCKNOW,MOHANLALGANJ,1917,ATRAULI,75708
LUCKNOW,MOHANLALGANJ,1917,BINDAUWA,75719
LUCKNOW,MOHANLALGANJ,1917,DEHWA,75727
LUCKNOW,MOHANLALGANJ,1917,GAURA,75733
LUCKNOW,MOHANLALGANJ,1917,PURSAINI,75763
LUCKNOW,SAROJANINAGAR,1918,AHMAMAU,75780
LUCKNOW,SAROJANINAGAR,1918,ANAURA,75784
LUCKNOW,SAROJANINAGAR,1918,AURAVA,75785
LUCKNOW,SAROJANINAGAR,1918,ASHRAF NAGAR  ITHURIA,75786
LUCKNOW,SAROJANINAGAR,1918,BANTHRA,75788
LUCKNOW,SAROJANINAGAR,1918,BARAUNA,75789
LUCKNOW,SAROJANINAGAR,1918,BIJNOR,75796
LUCKNOW,SAROJANINAGAR,1918,BIRURA,75797
LUCKNOW,SAROJANINAGAR,1918,GHUSVALKALA,75802
LUCKNOW,SAROJANINAGAR,1918,HARIHARPUR,75803
LUCKNOW,SAROJANINAGAR,1918,HASANPUR KHEVALI,75805
LUCKNOW,SAROJANINAGAR,1918,KALLI PASHCHIM,75807
LUCKNOW,SAROJANINAGAR,1918,KHANDEDEV,75809
LUCKNOW,SAROJANINAGAR,1918,KISHUNPUR KAUDIA,75813
LUCKNOW,SAROJANINAGAR,1918,MIRANPUR PINVAT,75821
LUCKNOW,SAROJANINAGAR,1918,MUZAFFAR NAGAR GHUSVAL,75822
LUCKNOW,SAROJANINAGAR,1918,NATKUR,75825
LUCKNOW,SAROJANINAGAR,1918,NIJAMPUR MAJHGAWAN,75827
LUCKNOW,SAROJANINAGAR,1918,RAMCHAURA,75835
LUCKNOW,SAROJANINAGAR,1918,SADRAUNA,75836
LUCKNOW,SAROJANINAGAR,1918,SARSAWAN,75842
LUCKNOW,SAROJANINAGAR,1918,SEVAI,75843
LUCKNOW,SAROJANINAGAR,1918,YUSUFNAGAR,75845
MAINPURI,BARNAHAL,1942,MARAHAMAI,270119
MAINPURI,BARNAHAL,1942,BARNAHAL,77306
MAINPURI,BARNAHAL,1942,NAGLA NIWHARA,77337
MATHURA,CHHATA,1953,AJNOKH,77889
MATHURA,CHHATA,1953,KARAHALA,77913
MATHURA,GOVARDHAN,1955,radhakund dehat,266426
MATHURA,GOVARDHAN,1955,ANORE,77984
MATHURA,GOVARDHAN,1955,JATIPURA,77994
MATHURA,GOVARDHAN,1955,SAKITARA,78019
MATHURA,MATHURA,1957,vrindawan bangar,266362
MATHURA,MATHURA,1957,rajpur nohrabad,266371
MATHURA,MATHURA,1957,ATAS BANGAR,78066
MATHURA,MATHURA,1957,KOTA,78094
MATHURA,MATHURA,1957,MUKANDPUR,78101
MATHURA,MATHURA,1957,RAJPUR BANGAR,78111
MATHURA,MATHURA,1957,SUNRAKH BANGAR,78120
MATHURA,MATHURA,1957,TAHRA,78121
MATHURA,NANDGAON,1958,barsana dehat,266461
MATHURA,NANDGAON,1958,manpur,266465
MATHURA,NANDGAON,1958,CHIKSOLI,78136
MATHURA,NANDGAON,1958,DABHALA,78137
MATHURA,NANDGAON,1958,GAJIPUR,78139
MATHURA,NANDGAON,1958,SANKET,78158
MATHURA,NANDGAON,1958,UNCHAGAON,78161
MAU,BADRAON,1961,AMILA,78281
MAU,BADRAON,1961,CHUMMANAR,78297
MAU,BADRAON,1961,HEMAY,78305
MAU,BADRAON,1961,KARPIYA MALIK,78310
MAU,KOPAGANJ,1965,DANI,78561
MAU,KOPAGANJ,1965,DARP NARAYANPUR,78562
MAU,KOPAGANJ,1965,HIKMA,78570
MAU,KOPAGANJ,1965,KHERIDIH,78581
MAU,KOPAGANJ,1965,KOPAGANJ,78584
MAU,KOPAGANJ,1965,KURTI JAPHAR PUR,78586
MAU,KOPAGANJ,1965,PARA,78599
MAU,PARDAHA,1967,Imiliadih,270580
MAU,PARDAHA,1967,ACHHAR,78681
MAU,PARDAHA,1967,BADUWAGODAM,78685
MAU,PARDAHA,1967,BAHARIPUR,78686
MAU,PARDAHA,1967,BARLAI,78688
MAU,PARDAHA,1967,BELCHAURA,78689
MAU,PARDAHA,1967,HARDASPUR,78693
MAU,PARDAHA,1967,INDARPUR,78695
MAU,PARDAHA,1967,MANPUR,78702
MAU,PARDAHA,1967,NASOPUR,78706
MAU,PARDAHA,1967,PARDHA,78710
MAU,PARDAHA,1967,PARSPURA,78711
MAU,PARDAHA,1967,SALAHABAD,78718
MAU,PARDAHA,1967,SANEGPUR,78719
MAU,PARDAHA,1967,SULTANPUR URF BNAURA,78723
MAU,PARDAHA,1967,TAJOPUR,78725
MAU,PARDAHA,1967,THAKURMANPUR,78727
MAU,RANIPUR,1968,BARAGAWAN,78740
MAU,RANIPUR,1968,KAJHA KHURD,78765
MORADABAD,KUNDARKI,2001,ALINAGAR,80605
MORADABAD,KUNDARKI,2001,MEHMOODPUR MAFI,80664
MORADABAD,KUNDARKI,2001,NAGALIA MASHMOOLA URF MEHMOODP,80669
MUZAFFARNAGAR,CHARTHAWAL,2009,khanjhanpur,268306
MUZAFFARNAGAR,MUZAFFARNAGAR,2015,bibipur,268230
MUZAFFARNAGAR,MUZAFFARNAGAR,2015,ALMASPUR,81443
MUZAFFARNAGAR,MUZAFFARNAGAR,2015,KUKRA,81463
MUZAFFARNAGAR,MUZAFFARNAGAR,2015,MANDHERA,81466
MUZAFFARNAGAR,MUZAFFARNAGAR,2015,MIRAPUR,81469
MUZAFFARNAGAR,MUZAFFARNAGAR,2015,SAHAOLI,81481
MUZAFFARNAGAR,MUZAFFARNAGAR,2015,SARWAT,81484
MUZAFFARNAGAR,MUZAFFARNAGAR,2015,SHAHBUDDINPUR,81486
MUZAFFARNAGAR,MUZAFFARNAGAR,2015,SUJRU,81491
MUZAFFARNAGAR,MUZAFFARNAGAR,2015,WAHALNA,81493
PILIBHIT,LALAURIKHERA,2025,PAKRIYA NAUGWAN MUSTQIL,82074
PRATAPGARH,ASPUR DEOSARA,2028,BACHRAULI,266860
PRATAPGARH,ASPUR DEOSARA,2028,CHHATUNA,82334
PRATAPGARH,ASPUR DEOSARA,2028,DEORAKHA,82341
PRATAPGARH,ASPUR DEOSARA,2028,IBRAHIMPUR,82357
PRATAPGARH,ASPUR DEOSARA,2028,MANAPUR,82367
PRATAPGARH,ASPUR DEOSARA,2028,NACHARAULA,82369
PRATAPGARH,ASPUR DEOSARA,2028,NAGAR,82370
PRATAPGARH,ASPUR DEOSARA,2028,PURA,82375
PRATAPGARH,ASPUR DEOSARA,2028,RAMGANJ,82379
PRATAPGARH,ASPUR DEOSARA,2028,RASOOLPUR HAIDARPUR,82382
PRATAPGARH,ASPUR DEOSARA,2028,RAUJA,82383
PRATAPGARH,ASPUR DEOSARA,2028,SANGRAM GANJ,82385
PRATAPGARH,ASPUR DEOSARA,2028,SHAILKHA,82388
PRATAPGARH,ASPUR DEOSARA,2028,SONPURA,82389
PRATAPGARH,BABAGANJ,2030,AINDHA,82460
PRATAPGARH,BABAGANJ,2030,BAHORIKPUR,82467
PRATAPGARH,BABAGANJ,2030,FATUHABAD,82478
PRATAPGARH,BABAGANJ,2030,JAGAPUR,82483
PRATAPGARH,BABAGANJ,2030,WAJIRPUR,82523
PRATAPGARH,BIHAR,2031,LOCHANGARH,268147
PRATAPGARH,BIHAR,2031,BIKARA,82536
PRATAPGARH,BIHAR,2031,MAHIYAMAU,82557
PRATAPGARH,BIHAR,2031,SABALGARH,82575
PRATAPGARH,BIHAR,2031,SARAYINDRAWAT,82579
PRATAPGARH,BIHAR,2031,SHEKHPUR CHAURAS,82583
PRATAPGARH,GAURA,2032,BAIRAMPUR,82596
PRATAPGARH,GAURA,2032,BARAHDA,82598
PRATAPGARH,GAURA,2032,KARKA,82617
PRATAPGARH,GAURA,2032,NAUDERA,82631
PRATAPGARH,GAURA,2032,PURE KHAGRAY,82635
PRATAPGARH,GAURA,2032,ROHA KHURD  KALA,82642
PRATAPGARH,GAURA,2032,SANDILA,82645
PRATAPGARH,GAURA,2032,SUVANSA,82652
PRATAPGARH,KALAKANKAR,2033,BAJAHA BHIT,82661
PRATAPGARH,KALAKANKAR,2033,CHAURAHI,82668
PRATAPGARH,KALAKANKAR,2033,LATTARA,82684
PRATAPGARH,KALAKANKAR,2033,MIRGARWA,82688
PRATAPGARH,KUNDA,2034,CHAUKAPARPUR,82723
PRATAPGARH,LALGANJ,2036,KHEMSARI,82867
PRATAPGARH,LALGANJ,2036,SALEM BHADARI,82884
PRATAPGARH,MAGRAURA,2037,BHAWAPUR,82902
PRATAPGARH,MAGRAURA,2037,DHARAULI MADHUPUR,82911
PRATAPGARH,MAGRAURA,2037,KOHDOR,82922
PRATAPGARH,MAGRAURA,2037,LAKHIPUR,82923
PRATAPGARH,MAGRAURA,2037,RAMAAPUR,82938
PRATAPGARH,MANDHATA,2038,AHINA,82954
PRATAPGARH,MANDHATA,2038,AKODHIYA,82956
PRATAPGARH,MANDHATA,2038,BAGIYAPUR,82959
PRATAPGARH,MANDHATA,2038,CHHATAUNA,82974
PRATAPGARH,MANDHATA,2038,GAMHIRA,82980
PRATAPGARH,MANDHATA,2038,GAURA,82981
PRATAPGARH,MANDHATA,2038,HARAKHPUR,82985
PRATAPGARH,MANDHATA,2038,JAGDISHPUR,82988
PRATAPGARH,MANDHATA,2038,KHAJOHARI,82991
PRATAPGARH,MANDHATA,2038,LAKHAPUR,82997
PRATAPGARH,MANDHATA,2038,LAKHOOPUR,82998
PRATAPGARH,MANDHATA,2038,LILAULI,82999
PRATAPGARH,MANDHATA,2038,MANDHATA,83003
PRATAPGARH,MANDHATA,2038,MISHIRPUR TARAUL,83005
PRATAPGARH,MANDHATA,2038,PURE MOTI LAL,83015
PRATAPGARH,MANDHATA,2038,PURE TORAI,83018
PRATAPGARH,MANDHATA,2038,SARAI BHOOPAT,83030
PRATAPGARH,MANDHATA,2038,SARAI DEV RAI,83031
PRATAPGARH,MANDHATA,2038,SARAI HAR NARAIN,83032
PRATAPGARH,PRATAPGARH (SADAR),2040,RAJAPUR KLA,266939
PRATAPGARH,PRATAPGARH (SADAR),2040,PURE MOHAN,266953
PRATAPGARH,PRATAPGARH (SADAR),2040,AUWAR,83096
PRATAPGARH,PRATAPGARH (SADAR),2040,BHAGESARA,83102
PRATAPGARH,PRATAPGARH (SADAR),2040,BHUIDAHA,83106
PRATAPGARH,PRATAPGARH (SADAR),2040,DAHILAMAU,83112
PRATAPGARH,PRATAPGARH (SADAR),2040,GHATAMPUR,83116
PRATAPGARH,PRATAPGARH (SADAR),2040,JOGAPUR,83122
PRATAPGARH,PRATAPGARH (SADAR),2040,KARANPUR,83123
PRATAPGARH,PRATAPGARH (SADAR),2040,NAMAKSAYAR,83134
PRATAPGARH,PRATAPGARH (SADAR),2040,PURANPUR PATHKHAN,83140
PRATAPGARH,PRATAPGARH (SADAR),2040,PURE HIRAMAN,83142
PRATAPGARH,PRATAPGARH (SADAR),2040,PURE ISHWARNATH,83143
PRATAPGARH,PRATAPGARH (SADAR),2040,PURE KESHAV RAI,83144
PRATAPGARH,PRATAPGARH (SADAR),2040,RAJAPUR,83149
PRATAPGARH,PRATAPGARH (SADAR),2040,RANJITPUR CHILBILA,83153
PRATAPGARH,PRATAPGARH (SADAR),2040,ROOPAPUR,83155
PRATAPGARH,PRATAPGARH (SADAR),2040,SAGRA,83156
PRATAPGARH,PRATAPGARH (SADAR),2040,SIPAHMAHERI,83166
PRATAPGARH,PRATAPGARH (SADAR),2040,SONAVA,83167
PRATAPGARH,SANDWA CHANDRIKA,2042,ASHAPUR,267194
PRATAPGARH,SANDWA CHANDRIKA,2042,ANTU DEHAT,83228
PRATAPGARH,SANDWA CHANDRIKA,2042,BHADAUSI,83235
PRATAPGARH,SANDWA CHANDRIKA,2042,CHAURA,83240
PRATAPGARH,SANDWA CHANDRIKA,2042,DANGARI,83244
PRATAPGARH,SANDWA CHANDRIKA,2042,GADWARA,83246
PRATAPGARH,SANDWA CHANDRIKA,2042,SHIVRAJPUR,83283
PRATAPGARH,SANDWA CHANDRIKA,2042,SHUKULPUR,83284
PRATAPGARH,SHIVGARH,2044,RUPIPUR,270541
PRAYAGRAJ,BAHADURPUR,1413,SARAI TAKI,265844
PRAYAGRAJ,BAHADURPUR,1413,MAHESHPUR,265845
PRAYAGRAJ,BAHADURPUR,1413,FIROZPUR TAL. IBRAHIMPUR,270787
PRAYAGRAJ,BAHADURPUR,1413,HABIBPUR,270789
PRAYAGRAJ,BAHADURPUR,1413,AMERSAPUR,44189
PRAYAGRAJ,BAHADURPUR,1413,ANDAWA,44190
PRAYAGRAJ,BAHADURPUR,1413,BADHAWA TAHIRPUR,44192
PRAYAGRAJ,BAHADURPUR,1413,BARIYARI,44198
PRAYAGRAJ,BAHADURPUR,1413,BHAGIPUR,44200
PRAYAGRAJ,BAHADURPUR,1413,CHAK HARIHARBAN,44204
PRAYAGRAJ,BAHADURPUR,1413,CHAQ CHURAWAN TA. KANIHAR,44207
PRAYAGRAJ,BAHADURPUR,1413,CHHATANAG UPERHAR,44208
PRAYAGRAJ,BAHADURPUR,1413,DUDUHI,44218
PRAYAGRAJ,BAHADURPUR,1413,DURJANPUR,44219
PRAYAGRAJ,BAHADURPUR,1413,GOTAWAN,44221
PRAYAGRAJ,BAHADURPUR,1413,HAVELIYA,44222
PRAYAGRAJ,BAHADURPUR,1413,JHUSI KOHNA,44226
PRAYAGRAJ,BAHADURPUR,1413,KANIHAR,44230
PRAYAGRAJ,BAHADURPUR,1413,KASERUAKALA,44233
PRAYAGRAJ,BAHADURPUR,1413,KATAKA,44234
PRAYAGRAJ,BAHADURPUR,1413,KUNADEEH,44240
PRAYAGRAJ,BAHADURPUR,1413,MALAWAN BUJURG,44245
PRAYAGRAJ,BAHADURPUR,1413,MALAWAN KHURD,44246
PRAYAGRAJ,BAHADURPUR,1413,NAIKA,44252
PRAYAGRAJ,BAHADURPUR,1413,POORE SURADAS,44257
PRAYAGRAJ,BAHADURPUR,1413,RAHIMAPUR,44258
PRAYAGRAJ,BAHADURPUR,1413,RAMAPUR,44260
PRAYAGRAJ,BAHADURPUR,1413,SARFUDDINPUR,44268
PRAYAGRAJ,BAHADURPUR,1413,SHERDEEH,44270
PRAYAGRAJ,BAHADURPUR,1413,SONAUTI,44273
PRAYAGRAJ,BAHADURPUR,1413,TENDUE,44276
PRAYAGRAJ,BAHADURPUR,1413,TULAPUR,44277
PRAYAGRAJ,BAHADURPUR,1413,USTAPUR MAHMOODABAD UPERHAR,44279
PRAYAGRAJ,CHAKA,1415,DADRI TAL. NAUGAWAN,270183
PRAYAGRAJ,CHAKA,1415,CHAK ABHAYRAM,270187
PRAYAGRAJ,CHAKA,1415,PATEWARA,270226
PRAYAGRAJ,CHAKA,1415,GONTI TAL. PURWA,270236
PRAYAGRAJ,CHAKA,1415,BHARAUNHA,270259
PRAYAGRAJ,CHAKA,1415,CHAK BABURA ALIMABAD,270264
PRAYAGRAJ,CHAKA,1415,ARAIL UPARHAR,44378
PRAYAGRAJ,CHAKA,1415,BARAMAR,44381
PRAYAGRAJ,CHAKA,1415,BASWAR,44382
PRAYAGRAJ,CHAKA,1415,CHAK GARIBDAS,44386
PRAYAGRAJ,CHAKA,1415,CHAK IMAM ALI,44387
PRAYAGRAJ,CHAKA,1415,CHAK PUREMIYAN KHURD,44388
PRAYAGRAJ,CHAKA,1415,CHAK RANA TIWARI,44389
PRAYAGRAJ,CHAKA,1415,CHAKA,44390
PRAYAGRAJ,CHAKA,1415,DABHAON,44393
PRAYAGRAJ,CHAKA,1415,DADARI TALUKA NAINI DADARI,44394
PRAYAGRAJ,CHAKA,1415,DANDI,44395
PRAYAGRAJ,CHAKA,1415,DEORI,44397
PRAYAGRAJ,CHAKA,1415,DEWRAKH UPARHAR,44398
PRAYAGRAJ,CHAKA,1415,DHANUHA,44399
PRAYAGRAJ,CHAKA,1415,GHOGHAPUR,44400
PRAYAGRAJ,CHAKA,1415,LAWAINKHURD,44403
PRAYAGRAJ,CHAKA,1415,LAWAYAN KALAN UPARHAR,44404
PRAYAGRAJ,CHAKA,1415,MADAUKA UPARHAR,44405
PRAYAGRAJ,CHAKA,1415,MAHEWA PATTI PASHCHIM UPARHAR,44406
PRAYAGRAJ,CHAKA,1415,MAHUWARI,44407
PRAYAGRAJ,CHAKA,1415,MASIKA,44408
PRAYAGRAJ,CHAKA,1415,MAWAIYA UPARHAR,44409
PRAYAGRAJ,CHAKA,1415,MOHABATGANJ UPARHAR,44410
PRAYAGRAJ,CHAKA,1415,NAINI TALUKA NAINI DADARI,44411
PRAYAGRAJ,CHAKA,1415,NEWADA SAMOGAR,44412
PRAYAGRAJ,CHAKA,1415,NIBI TALUKA KHURD,44413
PRAYAGRAJ,CHAKA,1415,PIPIRASA,44415
PRAYAGRAJ,CHAKA,1415,PURA PANDEY,44417
PRAYAGRAJ,CHAKA,1415,PURE KHAGAN,44418
PRAYAGRAJ,CHAKA,1415,SANDWA KALAN,44420
PRAYAGRAJ,CHAKA,1415,TENDUAWAN,44422
PRAYAGRAJ,CHAKA,1415,TIGNAUTA,44423
PRAYAGRAJ,KAURIHAR,1422,MAHRUDIH,270270
PRAYAGRAJ,KAURIHAR,1422,BAKSI MODA,44828
PRAYAGRAJ,KAURIHAR,1422,BAMROLI  UPARHAR,44829
PRAYAGRAJ,KAURIHAR,1422,BHARETHA,44833
PRAYAGRAJ,KAURIHAR,1422,CHANDRABHANPUR,44839
PRAYAGRAJ,KAURIHAR,1422,DAMUPUR,44844
PRAYAGRAJ,KAURIHAR,1422,HATHIGHA,44857
PRAYAGRAJ,KAURIHAR,1422,JHALWA,44865
PRAYAGRAJ,KAURIHAR,1422,KATHULA GOSPUR,44874
PRAYAGRAJ,KAURIHAR,1422,MALAK HERHER UPERHAR,44890
PRAYAGRAJ,KAURIHAR,1422,RAHIMABAD,44914
PRAYAGRAJ,KAURIHAR,1422,SAHA URF PIPALGAON,44917
PRAYAGRAJ,SORAON,1431,BAHMALPUR,45505
PRAYAGRAJ,SORAON,1431,BHADRI,45509
PRAYAGRAJ,SORAON,1431,GADDOPUR,45516
PRAYAGRAJ,SORAON,1431,GAURA,45517
PRAYAGRAJ,SORAON,1431,GOHRI,45518
PRAYAGRAJ,SORAON,1431,KORSAND,45523
PRAYAGRAJ,SORAON,1431,LEHRA,45527
PRAYAGRAJ,SORAON,1431,MALAK CATURII,45529
PRAYAGRAJ,SORAON,1431,MALAK CHAUDHARI,45530
PRAYAGRAJ,SORAON,1431,MOORAHU,45534
PRAYAGRAJ,SORAON,1431,RAMPUR,45540
PRAYAGRAJ,SORAON,1431,RANGPURA,45541
PRAYAGRAJ,SORAON,1431,RUDAPUR,45542
PRAYAGRAJ,SORAON,1431,SINGARPUR,45551
RAE BARELI,DIH,2051,sunga,271814
RAE BARELI,SALON,2059,SALON,84069
RAE BARELI,SHIVGARH,2062,BHAWANI GARH,84201
RAE BARELI,SHIVGARH,2062,DHEKWA,84205
RAE BARELI,SHIVGARH,2062,KUMHARAWAN,84216
RAE BARELI,SHIVGARH,2062,PIPRI,84222
RAE BARELI,SHIVGARH,2062,SARAIN CHHATRADHARI,84226
RAE BARELI,SHIVGARH,2062,SHIV GARH,84227
RAE BARELI,SHIVGARH,2062,SIVLI,84228
RAMPUR,SHAHABAD,2070,SAIFNI,84817
RAMPUR,SUAR,2071,DARIYAL EHATMALI,84848
RAMPUR,SUAR,2071,DARIYAL MUSTHKAM,84849
RAMPUR,SUAR,2071,NARPAT NAGAR,84914
SAHARANPUR,MUZAFFARABAD,2075,CHHUTMALPUR,85173
SAHARANPUR,MUZAFFARABAD,2075,FATEHPUR BHADO,85181
SAHARANPUR,RAMPUR MANIHARAN,2080,RAMPUR MANIHARAN DEHAT,85520
SHAHJAHANPUR,BANDA,2098,BANDA,86819
SHAHJAHANPUR,BHAWAL KHERA,2099,AHMADPUR NIWAZPUR,268059
SHAHJAHANPUR,BHAWAL KHERA,2099,JALALNAGAR CHUNGI VAHAR URF SAHAMATGANJ GAUTIYA,271048
SHAHJAHANPUR,BHAWAL KHERA,2099,CHINAUR,86898
SHAHJAHANPUR,DADROL,2100,LALPUR,86989
SHAHJAHANPUR,JALALABAD,2102,SAHABGANJ,87110
SHAHJAHANPUR,KALAN,2103,RAFIYABAD KALAN,242954
SHAHJAHANPUR,NIGOHI,2109,HAMJAPUR,87349
SHAHJAHANPUR,NIGOHI,2109,NIGOHI,87369
SITAPUR,BEHTA,2133,KAKRHA,271014
SITAPUR,BEHTA,2133,AHMADABAD,88984
SITAPUR,MAHMUDABAD,2141,CHATURABEHAD,271105
SITAPUR,MAHMUDABAD,2141,GULARAMAU,89569
SITAPUR,MAHMUDABAD,2141,ICHAULI,89573
SITAPUR,MAHMUDABAD,2141,LAIL KALAN,89585
SITAPUR,MAHMUDABAD,2141,MALL SARAI,89590
SITAPUR,MAHMUDABAD,2141,SUKAIPUR,89614
SITAPUR,MAHOLI,2142,ADHAURA,89617
SITAPUR,MAHOLI,2142,ADHAURI,89618
SITAPUR,MAHOLI,2142,BHIRIYA,89629
SITAPUR,MAHOLI,2142,GUJIYA,89639
SITAPUR,MAHOLI,2142,MAHOLI DEHAT,89654
SONBHADRA,MYORPUR,2156,Khadpathar,271216
SONBHADRA,MYORPUR,2156,ANPARA,90526
SONBHADRA,MYORPUR,2156,AURI,90528
SONBHADRA,MYORPUR,2156,GARABANDHA,90542
SONBHADRA,MYORPUR,2156,KAKARI,90549
SONBHADRA,MYORPUR,2156,MURDHOWA,90567
SONBHADRA,MYORPUR,2156,PARASI,90573
SONBHADRA,MYORPUR,2156,REHTA,90582
SONBHADRA,ROBERTSGANJ,2158,Ghuwas Khurd,269417
SONBHADRA,ROBERTSGANJ,2158,Bichapai,269425
SONBHADRA,ROBERTSGANJ,2158,Chhapaka,269428
SONBHADRA,ROBERTSGANJ,2158,Sahijan Khurd,270129
SONBHADRA,ROBERTSGANJ,2158,BABANAULI,90637
SONBHADRA,ROBERTSGANJ,2158,BARAULI,90647
SONBHADRA,ROBERTSGANJ,2158,KAMHARI,90679
SONBHADRA,ROBERTSGANJ,2158,ORMAURA,90707
SULTANPUR,LAMBHUA,2175,GHATAMPUR,270860
SULTANPUR,LAMBHUA,2175,BENDOOPARA,91693
SULTANPUR,LAMBHUA,2175,GAJAPUR,91703
SULTANPUR,LAMBHUA,2175,JAGANNATHPUR,91714
SULTANPUR,LAMBHUA,2175,LAMBUAA,91723
SULTANPUR,LAMBHUA,2175,PARSRAMPUR,91736
SULTANPUR,LAMBHUA,2175,SEMARI RAJAPUR,91747
UNNAO,FATEHPUR CHAURASI,2187,UGU DEHAT,272240
UNNAO,SIKANDARPUR KARAN,2195,ACHALGANJ,92761
UNNAO,SIKANDARPUR KARAN,2195,HADHA,92783
UNNAO,SIKANDARPUR KARAN,2195,LOHCHA,92797
UNNAO,SUMERPUR,2197,BAJPAIKHERA,92887
UNNAO,SUMERPUR,2197,SARAI MANGALI,92946
VARANASI,CHIRAIGAON,2200,ASHAPUR,93141
VARANASI,CHIRAIGAON,2200,DINAPUR,93154
VARANASI,CHIRAIGAON,2200,FARIDPUR,93155
VARANASI,CHIRAIGAON,2200,GOITHAHA,93157
VARANASI,CHIRAIGAON,2200,HIRAMANPUR,93162
VARANASI,CHIRAIGAON,2200,HRIDAYPUR,93163
VARANASI,CHIRAIGAON,2200,KHALISPUR,93169
VARANASI,CHIRAIGAON,2200,KOTAVA,93172
VARANASI,CHIRAIGAON,2200,LEDHUPUR,93174
VARANASI,CHIRAIGAON,2200,RAGHUNATHPUR,93191
VARANASI,CHIRAIGAON,2200,RAJNAHIYA,93192
VARANASI,CHIRAIGAON,2200,RASULGARH,93196
VARANASI,CHIRAIGAON,2200,RUSTAMPUR,93197
VARANASI,CHIRAIGAON,2200,SALARPUR,93198
VARANASI,CHIRAIGAON,2200,SANDAHA,93199
VARANASI,CHIRAIGAON,2200,SARAI MOHANA,93201
VARANASI,CHIRAIGAON,2200,SINGHPUR,93208
VARANASI,CHIRAIGAON,2200,TILAMAPUR,93215
VARANASI,HARAHUA,2202,Holapur,265907
VARANASI,HARAHUA,2202,BASDEVPUR,265908
VARANASI,HARAHUA,2202,AEDE,93301
VARANASI,HARAHUA,2202,BHAWANIPUR,93313
VARANASI,HARAHUA,2202,CHUPPEPUR,93323
VARANASI,HARAHUA,2202,DANDUPUR,93324
VARANASI,HARAHUA,2202,DANIYALPUR,93325
VARANASI,HARAHUA,2202,GANESHPUR,93331
VARANASI,HARAHUA,2202,HARIBALLAMPUR,93337
VARANASI,HARAHUA,2202,HATIYA,93338
VARANASI,HARAHUA,2202,KANUDIH,93342
VARANASI,HARAHUA,2202,BADALALPUR,93347
VARANASI,HARAHUA,2202,LAMAHI,93348
VARANASI,HARAHUA,2202,LODHAN,93349
VARANASI,HARAHUA,2202,MADHAWA,93350
VARANASI,HARAHUA,2202,PARMANADPUR,93355
VARANASI,HARAHUA,2202,PISAUR,93356
VARANASI,HARAHUA,2202,RAMDATTPUR,93363
VARANASI,HARAHUA,2202,RASULPUR,93365
VARANASI,HARAHUA,2202,SARASAVAON,93368
VARANASI,HARAHUA,2202,SOYEPUR,93372
VARANASI,KASHI VIDYAPEETH,2203,SHIVDASHPUR,243376
VARANASI,KASHI VIDYAPEETH,2203,LOHATA,243377
VARANASI,KASHI VIDYAPEETH,2203,LAHARTARA,243380
VARANASI,KASHI VIDYAPEETH,2203,KARAUDI,243381
VARANASI,KASHI VIDYAPEETH,2203,KANDWA,243382
VARANASI,KASHI VIDYAPEETH,2203,AWALESHPUR,93387
VARANASI,KASHI VIDYAPEETH,2203,BHAGWANPUR,93392
VARANASI,KASHI VIDYAPEETH,2203,BHITARI,93395
VARANASI,KASHI VIDYAPEETH,2203,BHIKHARI PUR,93396
VARANASI,KASHI VIDYAPEETH,2203,CHHITUPUR,93400
VARANASI,KASHI VIDYAPEETH,2203,CHITAIPUR,93401
VARANASI,KASHI VIDYAPEETH,2203,CHURAMANPUR,93404
VARANASI,KASHI VIDYAPEETH,2203,DOMARI,93406
VARANASI,KASHI VIDYAPEETH,2203,PHULWARIYA,93408
VARANASI,KASHI VIDYAPEETH,2203,JALALAIPATTI,93415
VARANASI,KASHI VIDYAPEETH,2203,KAKARMATTA,93418
VARANASI,KASHI VIDYAPEETH,2203,KANCHANPUR,93419
VARANASI,KASHI VIDYAPEETH,2203,MADAULI,93430
VARANASI,KASHI VIDYAPEETH,2203,MADUADEEH,93433
VARANASI,KASHI VIDYAPEETH,2203,MAHESHPUR,93434
VARANASI,KASHI VIDYAPEETH,2203,NASIRPUR,93442
VARANASI,KASHI VIDYAPEETH,2203,NATHUPUR,93443
VARANASI,KASHI VIDYAPEETH,2203,NUAAW,93444
VARANASI,KASHI VIDYAPEETH,2203,PAHADI,93445
VARANASI,KASHI VIDYAPEETH,2203,SHIRGOVERDHANPUR,93452
VARANASI,KASHI VIDYAPEETH,2203,SUZABAD,93453
VARANASI,KASHI VIDYAPEETH,2203,SUSUWAHI,93455
